Order ID,Order Date,Ship Date,Customer Name,Segment,Country,City,State,Region,Category,Sub-Category,Product Name,Sales,Quantity,Discount,Profit
US-2024-00001,2024-10-16,2024-10-17,Arjun Mehta,Consumer,United States,New York City,Oregon,West,Furniture,Tables,Office Table,884.88,2,0.15,-5.87
US-2023-00002,2023-04-06,2023-04-08,Aarav Sharma,Consumer,United States,Portland,New York,East,Technology,Accessories,Headset,1185.57,4,0.05,251.06
US-2024-00003,2024-03-08,2024-03-11,Meera Kapoor,Corporate,United States,New York City,Illinois,Central,Furniture,Bookcases,Wood Bookcase,503.83,2,0.05,111.3
US-2024-00004,2024-04-15,2024-04-20,Vikram Singh,Consumer,United States,Houston,Arizona,West,Furniture,Bookcases,Office Bookcase,1841.34,4,0.0,365.88
US-2023-00005,2023-04-14,2023-04-18,Aditya Joshi,Home Office,United States,Los Angeles,Colorado,Central,Technology,Machines,Laptop,1416.5,6,0.2,19.94
US-2024-00006,2024-09-15,2024-09-21,Ananya Rao,Home Office,United States,Miami,Pennsylvania,East,Furniture,Furnishings,Wall Clock,3216.37,5,0.2,370.39
US-2023-00007,2023-02-27,2023-03-01,Sneha Iyer,Consumer,United States,Phoenix,Oregon,West,Office Supplies,Storage,File Cabinet,2376.93,4,0.15,434.57
US-2024-00008,2024-05-26,2024-05-30,Arjun Mehta,Corporate,United States,Houston,Georgia,South,Office Supplies,Paper,Copy Paper,2437.91,5,0.1,513.13
US-2023-00009,2023-05-22,2023-05-27,Arjun Mehta,Corporate,United States,Dallas,Florida,South,Furniture,Chairs,Ergonomic Office Chair,1549.54,3,0.1,214.05
US-2024-00010,2024-04-24,2024-04-29,Arjun Mehta,Consumer,United States,Denver,Texas,Central,Technology,Phones,Conference Phone,2507.2,5,0.05,111.0
US-2023-00011,2023-01-04,2023-01-10,Rahul Verma,Corporate,United States,Chicago,Illinois,Central,Technology,Phones,Conference Phone,2741.76,5,0.15,325.32
US-2024-00012,2024-07-06,2024-07-11,Ananya Rao,Consumer,United States,Houston,Oregon,West,Office Supplies,Binders,Premium Binder,3432.84,6,0.3,338.57
US-2024-00013,2024-08-03,2024-08-04,Meera Kapoor,Corporate,United States,Houston,Arizona,West,Furniture,Tables,Office Table,4927.01,8,0.0,510.51
US-2024-00014,2024-07-06,2024-07-12,Aarav Sharma,Home Office,United States,Atlanta,Ohio,East,Office Supplies,Storage,Storage Box,685.48,8,0.0,37.95
US-2023-00015,2023-08-24,2023-08-29,Rohan Das,Consumer,United States,Seattle,New York,East,Furniture,Chairs,Ergonomic Office Chair,1178.56,2,0.3,-18.5
US-2024-00016,2024-11-16,2024-11-20,Aditya Joshi,Corporate,United States,Miami,Pennsylvania,East,Technology,Copiers,Color Copier,4211.3,8,0.0,263.79
US-2024-00017,2024-03-09,2024-03-13,Ananya Rao,Consumer,United States,Houston,Florida,South,Technology,Phones,Smartphone,3328.59,7,0.3,372.14
US-2024-00018,2024-07-03,2024-07-07,Rohan Das,Consumer,United States,New York City,Massachusetts,East,Furniture,Bookcases,Office Bookcase,2277.68,4,0.0,333.34
US-2024-00019,2024-10-29,2024-11-03,Aarav Sharma,Consumer,United States,Boston,California,West,Furniture,Tables,Meeting Table,2536.26,8,0.3,3.17
US-2023-00020,2023-01-03,2023-01-07,Aarav Sharma,Home Office,United States,Portland,Colorado,Central,Office Supplies,Art,Whiteboard Markers,859.04,8,0.05,59.92
US-2024-00021,2024-07-09,2024-07-10,Rahul Verma,Consumer,United States,Dallas,Texas,Central,Furniture,Furnishings,Office Mat,133.55,3,0.15,-1.1
US-2023-00022,2023-03-11,2023-03-17,Meera Kapoor,Home Office,United States,Miami,Massachusetts,East,Furniture,Tables,Computer Table,405.64,1,0.1,61.97
US-2023-00023,2023-09-25,2023-09-27,Aarav Sharma,Corporate,United States,Dallas,Illinois,Central,Office Supplies,Art,Sketch Pens,1507.69,5,0.3,195.36
US-2024-00024,2024-07-30,2024-07-31,Rahul Verma,Corporate,United States,Atlanta,Washington,West,Technology,Machines,Laptop,3441.09,6,0.0,442.82
US-2024-00025,2024-12-21,2024-12-24,Rahul Verma,Corporate,United States,Seattle,Oregon,West,Technology,Phones,Smartphone,410.53,5,0.0,89.57
US-2024-00026,2024-09-11,2024-09-13,Aditya Joshi,Corporate,United States,Seattle,Illinois,Central,Technology,Machines,Desktop Computer,1353.76,8,0.3,-112.1
US-2023-00027,2023-02-15,2023-02-16,Priya Nair,Consumer,United States,Portland,Illinois,Central,Technology,Machines,Laptop,2897.43,8,0.1,375.56
US-2023-00028,2023-06-02,2023-06-07,Aarav Sharma,Corporate,United States,Houston,Oregon,West,Technology,Accessories,Headset,104.56,3,0.05,24.39
US-2024-00029,2024-11-29,2024-12-01,Arjun Mehta,Consumer,United States,Chicago,Oregon,West,Technology,Copiers,Color Copier,2252.31,4,0.3,224.3
US-2023-00030,2023-12-07,2023-12-11,Kavya Reddy,Corporate,United States,Seattle,Ohio,East,Furniture,Chairs,Executive Chair,559.22,1,0.0,49.15
US-2023-00031,2023-08-22,2023-08-24,Rohan Das,Corporate,United States,Phoenix,Washington,West,Office Supplies,Storage,Storage Box,1257.49,2,0.05,127.98
US-2024-00032,2024-07-03,2024-07-06,Neha Patel,Corporate,United States,Boston,California,West,Office Supplies,Paper,Printer Paper,162.81,5,0.15,12.5
US-2024-00033,2024-09-12,2024-09-17,Rohan Das,Home Office,United States,Portland,Arizona,West,Technology,Accessories,USB Hub,463.04,1,0.0,76.3
US-2024-00034,2024-11-17,2024-11-19,Aditya Joshi,Corporate,United States,Miami,Colorado,Central,Furniture,Bookcases,Office Bookcase,940.16,2,0.05,130.88
US-2024-00035,2024-02-17,2024-02-23,Vikram Singh,Corporate,United States,Atlanta,Illinois,Central,Furniture,Furnishings,Office Mat,3099.87,7,0.0,581.92
US-2023-00036,2023-01-01,2023-01-04,Neha Patel,Consumer,United States,Phoenix,Illinois,Central,Office Supplies,Storage,Storage Box,2334.93,8,0.0,379.85
US-2023-00037,2023-03-28,2023-03-31,Kavya Reddy,Home Office,United States,Los Angeles,Texas,Central,Furniture,Bookcases,Wood Bookcase,410.4,4,0.0,40.53
US-2024-00038,2024-04-11,2024-04-15,Priya Nair,Corporate,United States,Houston,Massachusetts,East,Office Supplies,Art,Sketch Pens,1287.57,3,0.0,327.35
US-2023-00039,2023-06-30,2023-07-06,Rohan Das,Home Office,United States,Miami,Florida,South,Technology,Accessories,Keyboard,748.83,8,0.1,116.23
US-2024-00040,2024-03-29,2024-04-03,Rohan Das,Corporate,United States,Phoenix,Virginia,South,Furniture,Furnishings,Wall Clock,2453.2,5,0.3,142.38
US-2023-00041,2023-09-02,2023-09-05,Rahul Verma,Consumer,United States,Boston,Florida,South,Technology,Machines,Laptop,1118.07,5,0.15,-9.12
US-2024-00042,2024-12-11,2024-12-13,Arjun Mehta,Home Office,United States,Portland,New York,East,Office Supplies,Art,Drawing Paper,2199.42,8,0.0,527.63
US-2023-00043,2023-01-21,2023-01-26,Neha Patel,Home Office,United States,Atlanta,Virginia,South,Furniture,Bookcases,Office Bookcase,3891.4,7,0.3,21.66
US-2024-00044,2024-09-09,2024-09-11,Arjun Mehta,Home Office,United States,Chicago,Georgia,South,Office Supplies,Art,Drawing Paper,257.65,1,0.2,29.11
US-2024-00045,2024-04-23,2024-04-25,Vikram Singh,Corporate,United States,Miami,Arizona,West,Technology,Phones,Smartphone,665.83,7,0.1,25.71
US-2023-00046,2023-08-05,2023-08-09,Rohan Das,Consumer,United States,Miami,Minnesota,Central,Office Supplies,Storage,Storage Box,2720.06,5,0.1,-0.95
US-2023-00047,2023-08-18,2023-08-24,Aditya Joshi,Consumer,United States,Dallas,California,West,Furniture,Tables,Office Table,406.9,1,0.0,28.6
US-2023-00048,2023-08-12,2023-08-16,Meera Kapoor,Home Office,United States,Boston,Minnesota,Central,Furniture,Chairs,Ergonomic Office Chair,387.0,5,0.0,101.76
US-2024-00049,2024-02-11,2024-02-17,Meera Kapoor,Consumer,United States,Miami,New York,East,Technology,Accessories,Keyboard,2769.44,5,0.15,459.25
US-2024-00050,2024-06-29,2024-07-03,Sneha Iyer,Home Office,United States,Denver,Texas,Central,Technology,Machines,Laptop,3751.56,7,0.0,540.4
US-2024-00051,2024-12-25,2024-12-27,Vikram Singh,Corporate,United States,Houston,Georgia,South,Technology,Machines,Desktop Computer,2451.59,8,0.3,197.22
US-2023-00052,2023-03-30,2023-04-02,Ananya Rao,Corporate,United States,Seattle,Georgia,South,Office Supplies,Art,Drawing Paper,325.34,1,0.05,19.89
US-2023-00053,2023-12-15,2023-12-18,Ananya Rao,Home Office,United States,Denver,Texas,Central,Technology,Accessories,Keyboard,1881.15,4,0.1,241.24
US-2024-00054,2024-10-23,2024-10-29,Meera Kapoor,Corporate,United States,Denver,Virginia,South,Furniture,Chairs,Executive Chair,1070.5,4,0.0,121.49
US-2024-00055,2024-07-20,2024-07-25,Neha Patel,Consumer,United States,Miami,Colorado,Central,Technology,Machines,Printer,1455.43,8,0.05,106.0
US-2023-00056,2023-05-03,2023-05-09,Ananya Rao,Corporate,United States,Chicago,Pennsylvania,East,Furniture,Furnishings,Wall Clock,3187.44,5,0.3,-154.31
US-2023-00057,2023-11-06,2023-11-07,Kavya Reddy,Consumer,United States,New York City,Ohio,East,Furniture,Chairs,Conference Chair,2278.71,5,0.0,439.99
US-2024-00058,2024-08-10,2024-08-13,Priya Nair,Corporate,United States,Denver,Virginia,South,Office Supplies,Storage,File Cabinet,170.09,1,0.3,3.34
US-2023-00059,2023-03-17,2023-03-22,Meera Kapoor,Home Office,United States,Houston,Washington,West,Furniture,Bookcases,Wood Bookcase,336.18,4,0.3,1.64
US-2024-00060,2024-06-19,2024-06-23,Ananya Rao,Home Office,United States,Houston,Virginia,South,Office Supplies,Art,Drawing Paper,399.38,1,0.2,-10.46
US-2023-00061,2023-09-28,2023-10-04,Meera Kapoor,Corporate,United States,Seattle,Washington,West,Furniture,Tables,Computer Table,216.99,2,0.1,22.38
US-2023-00062,2023-02-03,2023-02-05,Meera Kapoor,Home Office,United States,Houston,Minnesota,Central,Technology,Copiers,Color Copier,2404.6,4,0.3,228.2
US-2024-00063,2024-03-11,2024-03-12,Meera Kapoor,Corporate,United States,Denver,Pennsylvania,East,Office Supplies,Paper,Copy Paper,114.52,1,0.05,18.36
US-2023-00064,2023-05-08,2023-05-12,Meera Kapoor,Corporate,United States,New York City,Colorado,Central,Office Supplies,Art,Drawing Paper,783.88,2,0.1,134.27
US-2023-00065,2023-04-04,2023-04-06,Rahul Verma,Home Office,United States,Boston,Oregon,West,Technology,Phones,Smartphone,2729.4,8,0.1,586.43
US-2024-00066,2024-10-12,2024-10-16,Arjun Mehta,Home Office,United States,Denver,Arizona,West,Office Supplies,Art,Drawing Paper,2629.35,6,0.3,-148.3
US-2023-00067,2023-10-23,2023-10-29,Rohan Das,Consumer,United States,Phoenix,Florida,South,Office Supplies,Binders,Ring Binder,1077.71,5,0.3,2.16
US-2024-00068,2024-07-09,2024-07-13,Rahul Verma,Corporate,United States,Denver,Florida,South,Furniture,Bookcases,Office Bookcase,3967.31,8,0.0,412.97
US-2024-00069,2024-12-16,2024-12-20,Ananya Rao,Consumer,United States,Denver,California,West,Technology,Accessories,Mouse,1808.19,5,0.15,127.33
US-2023-00070,2023-05-01,2023-05-07,Ananya Rao,Corporate,United States,Atlanta,Massachusetts,East,Technology,Machines,Desktop Computer,1373.72,5,0.1,316.31
US-2023-00071,2023-05-29,2023-06-02,Aarav Sharma,Corporate,United States,Portland,Pennsylvania,East,Furniture,Bookcases,Office Bookcase,3646.72,6,0.15,133.55
US-2023-00072,2023-11-02,2023-11-07,Sneha Iyer,Consumer,United States,Portland,Georgia,South,Office Supplies,Art,Drawing Paper,2173.99,6,0.15,137.03
US-2023-00073,2023-09-02,2023-09-07,Aditya Joshi,Home Office,United States,Chicago,Georgia,South,Office Supplies,Binders,Ring Binder,3686.05,8,0.3,-12.92
US-2024-00074,2024-05-22,2024-05-23,Aditya Joshi,Consumer,United States,Los Angeles,Ohio,East,Furniture,Furnishings,Desk Lamp,142.83,8,0.0,19.77
US-2024-00075,2024-04-25,2024-04-28,Kavya Reddy,Home Office,United States,New York City,Colorado,Central,Technology,Phones,Business Phone,4343.9,7,0.2,532.09
US-2024-00076,2024-09-24,2024-09-25,Kavya Reddy,Consumer,United States,Portland,Ohio,East,Furniture,Chairs,Executive Chair,992.31,2,0.2,158.19
US-2023-00077,2023-11-03,2023-11-04,Meera Kapoor,Home Office,United States,Chicago,Oregon,West,Furniture,Bookcases,Office Bookcase,1707.01,6,0.0,285.89
US-2023-00078,2023-06-24,2023-06-26,Vikram Singh,Home Office,United States,New York City,Arizona,West,Technology,Accessories,Headset,471.19,3,0.2,5.16
US-2024-00079,2024-04-21,2024-04-24,Kavya Reddy,Corporate,United States,Houston,New York,East,Office Supplies,Storage,Desk Organizer,2090.99,5,0.1,335.97
US-2024-00080,2024-01-29,2024-02-02,Aditya Joshi,Corporate,United States,Seattle,Washington,West,Office Supplies,Storage,Desk Organizer,3226.54,5,0.05,73.45
US-2023-00081,2023-01-09,2023-01-14,Aditya Joshi,Home Office,United States,Phoenix,Arizona,West,Office Supplies,Paper,Printer Paper,891.61,6,0.0,168.53
US-2024-00082,2024-11-28,2024-11-30,Sneha Iyer,Home Office,United States,Boston,California,West,Office Supplies,Art,Sketch Pens,2869.05,6,0.0,741.11
US-2023-00083,2023-06-29,2023-07-01,Vikram Singh,Home Office,United States,Miami,Ohio,East,Technology,Machines,Laptop,2974.1,5,0.1,675.63
US-2023-00084,2023-04-28,2023-05-02,Rohan Das,Consumer,United States,Denver,Washington,West,Furniture,Furnishings,Office Mat,395.85,6,0.1,-0.66
US-2024-00085,2024-01-13,2024-01-19,Rohan Das,Corporate,United States,Dallas,Colorado,Central,Technology,Machines,Laptop,1242.75,4,0.15,229.56
US-2023-00086,2023-08-15,2023-08-21,Vikram Singh,Corporate,United States,Los Angeles,Arizona,West,Technology,Machines,Desktop Computer,580.34,7,0.0,155.01
US-2023-00087,2023-04-10,2023-04-12,Arjun Mehta,Home Office,United States,Los Angeles,Massachusetts,East,Office Supplies,Storage,Desk Organizer,2695.51,7,0.2,-34.81
US-2024-00088,2024-05-16,2024-05-21,Priya Nair,Home Office,United States,Miami,North Carolina,South,Furniture,Bookcases,Wood Bookcase,2347.96,8,0.0,575.97
US-2024-00089,2024-07-11,2024-07-17,Aditya Joshi,Consumer,United States,Phoenix,Texas,Central,Office Supplies,Storage,File Cabinet,1234.53,2,0.3,17.45
US-2024-00090,2024-10-16,2024-10-21,Meera Kapoor,Consumer,United States,Houston,California,West,Office Supplies,Paper,Copy Paper,208.19,4,0.3,7.91
US-2023-00091,2023-12-03,2023-12-05,Aarav Sharma,Consumer,United States,New York City,Oregon,West,Furniture,Tables,Computer Table,2603.23,5,0.0,517.14
US-2024-00092,2024-01-02,2024-01-04,Priya Nair,Corporate,United States,Denver,Texas,Central,Furniture,Bookcases,Wood Bookcase,1452.55,3,0.15,-0.33
US-2024-00093,2024-01-06,2024-01-11,Kavya Reddy,Corporate,United States,Boston,Arizona,West,Technology,Accessories,Keyboard,1510.32,5,0.0,82.46
US-2024-00094,2024-12-03,2024-12-04,Meera Kapoor,Home Office,United States,Portland,Virginia,South,Furniture,Chairs,Executive Chair,150.5,3,0.05,25.18
US-2023-00095,2023-11-29,2023-12-03,Rohan Das,Home Office,United States,Houston,Colorado,Central,Technology,Copiers,Color Copier,1110.99,2,0.2,178.48
US-2024-00096,2024-03-16,2024-03-20,Aditya Joshi,Corporate,United States,Miami,Massachusetts,East,Office Supplies,Art,Drawing Paper,3334.88,7,0.05,399.93
US-2023-00097,2023-06-06,2023-06-12,Rahul Verma,Home Office,United States,New York City,Florida,South,Furniture,Chairs,Ergonomic Office Chair,489.96,7,0.2,19.32
US-2024-00098,2024-08-23,2024-08-28,Vikram Singh,Home Office,United States,Seattle,Texas,Central,Office Supplies,Storage,Desk Organizer,3957.21,7,0.2,-149.0
US-2023-00099,2023-12-27,2023-12-28,Vikram Singh,Home Office,United States,Houston,Pennsylvania,East,Technology,Copiers,Color Copier,465.55,2,0.15,28.27
US-2024-00100,2024-03-15,2024-03-20,Rahul Verma,Home Office,United States,Phoenix,Oregon,West,Furniture,Tables,Meeting Table,2998.14,5,0.05,56.86
US-2024-00101,2024-02-15,2024-02-16,Neha Patel,Corporate,United States,Dallas,New York,East,Furniture,Tables,Meeting Table,2094.68,7,0.0,269.82
US-2024-00102,2024-09-02,2024-09-03,Meera Kapoor,Corporate,United States,Boston,Washington,West,Furniture,Chairs,Conference Chair,365.38,2,0.2,18.91
US-2023-00103,2023-10-07,2023-10-09,Arjun Mehta,Home Office,United States,New York City,Oregon,West,Office Supplies,Binders,Ring Binder,2770.33,8,0.05,78.68
US-2023-00104,2023-01-08,2023-01-10,Rahul Verma,Consumer,United States,Boston,Illinois,Central,Furniture,Bookcases,Office Bookcase,510.18,6,0.1,88.92
US-2024-00105,2024-06-29,2024-07-05,Sneha Iyer,Home Office,United States,Boston,Ohio,East,Furniture,Furnishings,Office Mat,288.05,1,0.1,62.24
US-2024-00106,2024-08-10,2024-08-14,Neha Patel,Corporate,United States,Los Angeles,North Carolina,South,Furniture,Furnishings,Desk Lamp,710.06,6,0.15,58.88
US-2024-00107,2024-03-23,2024-03-24,Sneha Iyer,Consumer,United States,Los Angeles,Massachusetts,East,Technology,Copiers,Color Copier,3968.14,7,0.2,124.93
US-2024-00108,2024-06-06,2024-06-12,Rahul Verma,Home Office,United States,Chicago,Washington,West,Office Supplies,Storage,Desk Organizer,479.05,3,0.0,48.59
US-2024-00109,2024-11-02,2024-11-03,Kavya Reddy,Consumer,United States,Denver,Massachusetts,East,Office Supplies,Art,Whiteboard Markers,3377.08,6,0.2,87.38
US-2024-00110,2024-03-28,2024-04-03,Sneha Iyer,Corporate,United States,Los Angeles,Minnesota,Central,Technology,Phones,Business Phone,414.56,2,0.1,1.67
US-2024-00111,2024-10-22,2024-10-23,Aarav Sharma,Corporate,United States,Los Angeles,Virginia,South,Technology,Phones,Business Phone,857.68,4,0.1,98.91
US-2023-00112,2023-12-18,2023-12-24,Rahul Verma,Corporate,United States,Miami,Washington,West,Furniture,Tables,Computer Table,5153.7,8,0.15,504.85
US-2023-00113,2023-10-17,2023-10-21,Arjun Mehta,Corporate,United States,Seattle,North Carolina,South,Technology,Phones,Conference Phone,301.89,6,0.0,52.5
US-2024-00114,2024-11-03,2024-11-08,Rahul Verma,Home Office,United States,Portland,Ohio,East,Furniture,Tables,Meeting Table,3146.31,5,0.2,342.67
US-2023-00115,2023-03-28,2023-03-31,Rahul Verma,Consumer,United States,Miami,North Carolina,South,Furniture,Chairs,Conference Chair,2341.15,7,0.0,297.38
US-2024-00116,2024-05-12,2024-05-14,Rohan Das,Consumer,United States,Phoenix,Pennsylvania,East,Furniture,Chairs,Executive Chair,667.87,2,0.15,115.49
US-2023-00117,2023-12-11,2023-12-16,Aditya Joshi,Home Office,United States,Houston,Massachusetts,East,Furniture,Tables,Office Table,1413.0,3,0.0,195.85
US-2024-00118,2024-03-30,2024-04-04,Meera Kapoor,Corporate,United States,Denver,Colorado,Central,Furniture,Tables,Meeting Table,4706.81,8,0.0,603.8
US-2023-00119,2023-10-16,2023-10-20,Priya Nair,Home Office,United States,Atlanta,Georgia,South,Furniture,Tables,Meeting Table,419.64,1,0.3,-2.48
US-2023-00120,2023-05-08,2023-05-11,Ananya Rao,Corporate,United States,Miami,Washington,West,Office Supplies,Art,Whiteboard Markers,1624.6,3,0.0,433.99
US-2023-00121,2023-01-28,2023-02-01,Sneha Iyer,Consumer,United States,Portland,Arizona,West,Technology,Machines,Laptop,4525.4,7,0.05,323.07
US-2024-00122,2024-10-27,2024-10-30,Aarav Sharma,Consumer,United States,New York City,Pennsylvania,East,Furniture,Bookcases,Office Bookcase,1485.53,3,0.1,152.51
US-2023-00123,2023-09-20,2023-09-22,Meera Kapoor,Corporate,United States,Los Angeles,Massachusetts,East,Furniture,Bookcases,Wood Bookcase,431.13,5,0.0,60.69
US-2023-00124,2023-04-24,2023-04-28,Arjun Mehta,Consumer,United States,Phoenix,Washington,West,Technology,Accessories,USB Hub,63.03,7,0.05,4.74
US-2024-00125,2024-11-15,2024-11-16,Vikram Singh,Home Office,United States,New York City,Texas,Central,Technology,Phones,Business Phone,287.59,8,0.1,66.27
US-2024-00126,2024-01-01,2024-01-02,Aditya Joshi,Consumer,United States,Phoenix,Illinois,Central,Technology,Phones,Conference Phone,561.89,6,0.05,83.46
US-2024-00127,2024-04-20,2024-04-26,Ananya Rao,Consumer,United States,Miami,Georgia,South,Furniture,Chairs,Conference Chair,253.95,8,0.0,12.83
US-2023-00128,2023-11-14,2023-11-19,Aditya Joshi,Corporate,United States,Seattle,Virginia,South,Office Supplies,Binders,Presentation Binder,766.73,4,0.3,70.85
US-2023-00129,2023-05-08,2023-05-11,Sneha Iyer,Home Office,United States,Seattle,Virginia,South,Technology,Copiers,Laser Copier,3798.78,6,0.1,611.97
US-2023-00130,2023-03-26,2023-04-01,Vikram Singh,Corporate,United States,Denver,Florida,South,Office Supplies,Paper,Printer Paper,1071.09,5,0.0,127.14
US-2024-00131,2024-09-09,2024-09-15,Meera Kapoor,Corporate,United States,Seattle,Georgia,South,Technology,Copiers,Laser Copier,281.54,8,0.3,34.85
US-2024-00132,2024-10-16,2024-10-17,Aarav Sharma,Consumer,United States,Los Angeles,Arizona,West,Office Supplies,Paper,Copy Paper,1658.54,3,0.2,228.07
US-2023-00133,2023-08-30,2023-09-05,Priya Nair,Home Office,United States,Chicago,Minnesota,Central,Office Supplies,Binders,Presentation Binder,1331.87,3,0.05,142.22
US-2024-00134,2024-06-26,2024-06-29,Arjun Mehta,Home Office,United States,Los Angeles,North Carolina,South,Technology,Machines,Laptop,49.27,2,0.0,7.87
US-2023-00135,2023-09-26,2023-09-29,Kavya Reddy,Consumer,United States,Portland,Georgia,South,Technology,Machines,Desktop Computer,1092.12,8,0.0,267.22
US-2024-00136,2024-03-31,2024-04-01,Neha Patel,Home Office,United States,Phoenix,Minnesota,Central,Technology,Phones,Conference Phone,2901.17,5,0.3,-165.94
US-2023-00137,2023-06-28,2023-07-01,Kavya Reddy,Home Office,United States,Chicago,New York,East,Furniture,Tables,Office Table,198.99,8,0.15,21.86
US-2024-00138,2024-09-18,2024-09-19,Rahul Verma,Corporate,United States,Phoenix,Oregon,West,Office Supplies,Art,Whiteboard Markers,3512.63,7,0.3,150.96
US-2023-00139,2023-03-17,2023-03-21,Priya Nair,Home Office,United States,Chicago,North Carolina,South,Furniture,Tables,Office Table,2315.87,7,0.3,-189.21
US-2023-00140,2023-11-08,2023-11-10,Rohan Das,Corporate,United States,Chicago,Ohio,East,Technology,Accessories,USB Hub,2755.45,5,0.05,178.04
US-2024-00141,2024-10-02,2024-10-05,Aarav Sharma,Consumer,United States,New York City,Washington,West,Technology,Accessories,Mouse,3293.43,6,0.15,-58.01
US-2024-00142,2024-10-18,2024-10-23,Vikram Singh,Corporate,United States,Houston,Illinois,Central,Technology,Copiers,Color Copier,4629.89,8,0.15,194.55
US-2024-00143,2024-12-02,2024-12-06,Meera Kapoor,Consumer,United States,Miami,Colorado,Central,Furniture,Chairs,Ergonomic Office Chair,2198.63,8,0.1,96.66
US-2023-00144,2023-11-23,2023-11-29,Ananya Rao,Consumer,United States,Los Angeles,Colorado,Central,Furniture,Bookcases,Wood Bookcase,979.17,6,0.0,102.02
US-2023-00145,2023-02-21,2023-02-24,Rohan Das,Corporate,United States,Denver,Virginia,South,Furniture,Tables,Meeting Table,779.24,6,0.0,124.35
US-2023-00146,2023-11-12,2023-11-16,Kavya Reddy,Home Office,United States,Phoenix,California,West,Office Supplies,Art,Sketch Pens,1530.03,4,0.0,79.76
US-2024-00147,2024-11-19,2024-11-23,Aarav Sharma,Corporate,United States,New York City,Texas,Central,Furniture,Furnishings,Desk Lamp,2375.3,5,0.3,4.23
US-2024-00148,2024-08-06,2024-08-11,Meera Kapoor,Home Office,United States,Dallas,Ohio,East,Technology,Machines,Laptop,2322.12,7,0.3,85.84
US-2023-00149,2023-05-02,2023-05-04,Arjun Mehta,Home Office,United States,New York City,Arizona,West,Office Supplies,Storage,Desk Organizer,2956.13,6,0.0,545.68
US-2023-00150,2023-02-16,2023-02-17,Arjun Mehta,Home Office,United States,Portland,Ohio,East,Office Supplies,Art,Sketch Pens,655.66,3,0.15,32.09
US-2023-00151,2023-11-03,2023-11-08,Arjun Mehta,Home Office,United States,Seattle,Colorado,Central,Technology,Machines,Printer,244.49,1,0.2,-5.79
US-2024-00152,2024-12-05,2024-12-11,Neha Patel,Home Office,United States,Boston,Arizona,West,Office Supplies,Paper,Printer Paper,382.62,1,0.0,63.44
US-2023-00153,2023-06-01,2023-06-07,Neha Patel,Consumer,United States,Boston,New York,East,Technology,Phones,Smartphone,291.15,1,0.1,9.13
US-2024-00154,2024-05-28,2024-06-02,Sneha Iyer,Consumer,United States,Denver,Florida,South,Technology,Accessories,Mouse,3892.77,6,0.1,471.47
US-2024-00155,2024-06-29,2024-07-02,Vikram Singh,Corporate,United States,Portland,Minnesota,Central,Technology,Copiers,Color Copier,748.49,4,0.05,53.49
US-2023-00156,2023-08-01,2023-08-07,Arjun Mehta,Corporate,United States,Miami,North Carolina,South,Office Supplies,Storage,Desk Organizer,963.8,5,0.15,130.01
US-2023-00157,2023-05-30,2023-06-02,Ananya Rao,Home Office,United States,Seattle,Oregon,West,Technology,Phones,Business Phone,3433.07,8,0.2,223.08
US-2024-00158,2024-07-29,2024-08-04,Ananya Rao,Consumer,United States,Los Angeles,Illinois,Central,Furniture,Tables,Office Table,438.03,1,0.15,11.68
US-2024-00159,2024-02-28,2024-03-02,Ananya Rao,Corporate,United States,Miami,Florida,South,Technology,Accessories,Keyboard,807.7,3,0.1,88.51
US-2023-00160,2023-10-20,2023-10-26,Aarav Sharma,Corporate,United States,Denver,California,West,Technology,Accessories,Keyboard,828.85,3,0.3,-43.77
US-2023-00161,2023-07-10,2023-07-16,Kavya Reddy,Consumer,United States,Atlanta,Texas,Central,Furniture,Bookcases,Wood Bookcase,1144.13,6,0.2,91.98
US-2024-00162,2024-04-24,2024-04-27,Neha Patel,Corporate,United States,Seattle,New York,East,Office Supplies,Paper,Printer Paper,3393.59,8,0.2,-18.03
US-2024-00163,2024-08-04,2024-08-10,Rahul Verma,Corporate,United States,Miami,Pennsylvania,East,Technology,Copiers,Laser Copier,382.11,6,0.2,-10.36
US-2023-00164,2023-09-12,2023-09-13,Vikram Singh,Home Office,United States,Miami,Colorado,Central,Furniture,Furnishings,Wall Clock,1211.1,6,0.2,105.96
US-2024-00165,2024-12-10,2024-12-12,Neha Patel,Consumer,United States,Phoenix,California,West,Office Supplies,Storage,File Cabinet,3139.21,7,0.2,423.05
US-2023-00166,2023-10-30,2023-11-02,Neha Patel,Home Office,United States,Denver,Pennsylvania,East,Furniture,Furnishings,Desk Lamp,3904.37,8,0.15,242.73
US-2024-00167,2024-07-04,2024-07-10,Meera Kapoor,Consumer,United States,New York City,Pennsylvania,East,Technology,Phones,Conference Phone,2776.7,8,0.05,100.64
US-2024-00168,2024-07-14,2024-07-19,Priya Nair,Home Office,United States,Denver,Pennsylvania,East,Furniture,Bookcases,Office Bookcase,889.5,2,0.2,80.02
US-2023-00169,2023-02-26,2023-03-02,Arjun Mehta,Corporate,United States,New York City,Massachusetts,East,Office Supplies,Binders,Presentation Binder,3519.33,8,0.05,672.5
US-2023-00170,2023-08-12,2023-08-17,Priya Nair,Corporate,United States,New York City,California,West,Office Supplies,Storage,Desk Organizer,710.85,2,0.0,187.88
US-2023-00171,2023-10-21,2023-10-25,Aditya Joshi,Home Office,United States,Atlanta,Pennsylvania,East,Technology,Copiers,Laser Copier,2071.73,7,0.1,176.42
US-2023-00172,2023-05-17,2023-05-23,Aarav Sharma,Corporate,United States,Denver,Texas,Central,Furniture,Furnishings,Office Mat,1425.85,3,0.0,342.71
US-2024-00173,2024-11-20,2024-11-26,Neha Patel,Consumer,United States,New York City,Virginia,South,Furniture,Tables,Meeting Table,645.53,6,0.0,171.05
US-2024-00174,2024-11-07,2024-11-11,Aarav Sharma,Consumer,United States,Portland,Washington,West,Furniture,Chairs,Ergonomic Office Chair,294.62,1,0.2,35.0
US-2023-00175,2023-02-15,2023-02-19,Neha Patel,Home Office,United States,Miami,Georgia,South,Technology,Accessories,Keyboard,994.5,3,0.05,73.29
US-2024-00176,2024-08-14,2024-08-19,Meera Kapoor,Home Office,United States,Chicago,Illinois,Central,Office Supplies,Paper,Printer Paper,1094.02,4,0.05,35.15
US-2024-00177,2024-10-03,2024-10-09,Arjun Mehta,Consumer,United States,Atlanta,Virginia,South,Furniture,Bookcases,Office Bookcase,2730.18,6,0.1,84.12
US-2024-00178,2024-04-29,2024-05-01,Rahul Verma,Corporate,United States,Houston,Ohio,East,Technology,Accessories,Headset,369.05,1,0.1,47.51
US-2023-00179,2023-09-19,2023-09-21,Meera Kapoor,Consumer,United States,Los Angeles,Texas,Central,Office Supplies,Storage,File Cabinet,164.35,4,0.1,25.75
US-2023-00180,2023-07-12,2023-07-17,Priya Nair,Home Office,United States,Denver,Massachusetts,East,Furniture,Bookcases,Office Bookcase,143.98,1,0.0,39.0
US-2023-00181,2023-09-06,2023-09-12,Vikram Singh,Corporate,United States,Atlanta,Massachusetts,East,Furniture,Bookcases,Office Bookcase,2151.33,7,0.2,77.93
US-2024-00182,2024-05-24,2024-05-28,Neha Patel,Consumer,United States,New York City,Arizona,West,Office Supplies,Paper,Premium Paper,1642.46,6,0.15,295.45
US-2023-00183,2023-09-25,2023-09-30,Rohan Das,Home Office,United States,Phoenix,North Carolina,South,Furniture,Tables,Meeting Table,1007.43,4,0.3,-36.29
US-2023-00184,2023-12-12,2023-12-15,Rahul Verma,Home Office,United States,Phoenix,Virginia,South,Office Supplies,Paper,Printer Paper,700.01,6,0.2,56.82
US-2023-00185,2023-03-02,2023-03-07,Neha Patel,Consumer,United States,New York City,California,West,Technology,Phones,Smartphone,673.89,7,0.2,3.74
US-2023-00186,2023-08-12,2023-08-17,Aarav Sharma,Consumer,United States,Atlanta,North Carolina,South,Furniture,Furnishings,Office Mat,144.8,8,0.15,15.19
US-2023-00187,2023-10-09,2023-10-14,Ananya Rao,Home Office,United States,Atlanta,Texas,Central,Technology,Copiers,Color Copier,1194.77,2,0.15,9.84
US-2023-00188,2023-09-16,2023-09-19,Aditya Joshi,Consumer,United States,Phoenix,Colorado,Central,Furniture,Bookcases,Office Bookcase,2965.85,8,0.2,12.47
US-2024-00189,2024-10-27,2024-10-28,Priya Nair,Corporate,United States,Boston,Arizona,West,Office Supplies,Art,Whiteboard Markers,352.21,8,0.0,73.5
US-2024-00190,2024-10-22,2024-10-25,Vikram Singh,Home Office,United States,Dallas,California,West,Furniture,Tables,Computer Table,1456.34,8,0.0,297.48
US-2024-00191,2024-11-04,2024-11-05,Priya Nair,Corporate,United States,Chicago,Ohio,East,Furniture,Tables,Computer Table,1472.84,3,0.2,216.53
US-2024-00192,2024-07-31,2024-08-02,Arjun Mehta,Consumer,United States,Los Angeles,North Carolina,South,Office Supplies,Paper,Printer Paper,659.02,2,0.05,20.03
US-2023-00193,2023-12-15,2023-12-20,Arjun Mehta,Consumer,United States,Phoenix,North Carolina,South,Furniture,Bookcases,Office Bookcase,1235.72,8,0.15,245.14
US-2024-00194,2024-08-22,2024-08-28,Aditya Joshi,Consumer,United States,Portland,Florida,South,Technology,Machines,Laptop,121.34,2,0.0,15.92
US-2024-00195,2024-02-03,2024-02-06,Priya Nair,Consumer,United States,Boston,Texas,Central,Furniture,Chairs,Executive Chair,1912.54,8,0.05,80.39
US-2024-00196,2024-04-04,2024-04-09,Arjun Mehta,Consumer,United States,Seattle,Florida,South,Furniture,Chairs,Executive Chair,782.45,2,0.3,-13.41
US-2024-00197,2024-02-28,2024-03-03,Rahul Verma,Consumer,United States,Chicago,Washington,West,Technology,Accessories,Headset,291.41,3,0.05,23.87
US-2024-00198,2024-03-21,2024-03-24,Meera Kapoor,Home Office,United States,Houston,North Carolina,South,Office Supplies,Binders,Ring Binder,3070.95,5,0.2,307.12
US-2024-00199,2024-04-13,2024-04-14,Arjun Mehta,Home Office,United States,Dallas,Ohio,East,Furniture,Furnishings,Wall Clock,3669.52,7,0.05,451.91
US-2023-00200,2023-05-20,2023-05-23,Aditya Joshi,Corporate,United States,Dallas,Illinois,Central,Office Supplies,Storage,File Cabinet,4409.45,7,0.05,854.86
US-2023-00201,2023-09-06,2023-09-09,Rohan Das,Consumer,United States,Portland,North Carolina,South,Office Supplies,Storage,File Cabinet,1552.84,4,0.15,24.35
US-2024-00202,2024-04-17,2024-04-23,Aditya Joshi,Consumer,United States,Portland,Massachusetts,East,Office Supplies,Binders,Ring Binder,778.82,8,0.05,58.87
US-2024-00203,2024-03-09,2024-03-13,Neha Patel,Home Office,United States,Dallas,Arizona,West,Technology,Copiers,Laser Copier,2499.14,7,0.3,343.44
US-2024-00204,2024-10-15,2024-10-16,Arjun Mehta,Corporate,United States,Boston,Washington,West,Technology,Machines,Laptop,369.59,1,0.2,41.61
US-2023-00205,2023-04-19,2023-04-20,Neha Patel,Home Office,United States,Chicago,Oregon,West,Furniture,Tables,Meeting Table,1554.65,6,0.3,105.86
US-2023-00206,2023-12-20,2023-12-21,Vikram Singh,Corporate,United States,Denver,Florida,South,Office Supplies,Art,Sketch Pens,1083.41,2,0.2,-17.33
US-2023-00207,2023-07-31,2023-08-05,Neha Patel,Consumer,United States,New York City,North Carolina,South,Office Supplies,Binders,Ring Binder,1701.92,8,0.05,48.03
US-2023-00208,2023-12-18,2023-12-24,Ananya Rao,Corporate,United States,Phoenix,Washington,West,Technology,Accessories,Mouse,661.49,3,0.1,148.86
US-2023-00209,2023-07-08,2023-07-10,Vikram Singh,Home Office,United States,Los Angeles,Virginia,South,Furniture,Tables,Meeting Table,1803.43,7,0.2,2.8
US-2024-00210,2024-08-14,2024-08-15,Aditya Joshi,Corporate,United States,Dallas,Ohio,East,Office Supplies,Paper,Premium Paper,352.86,2,0.3,7.93
US-2024-00211,2024-02-02,2024-02-07,Meera Kapoor,Home Office,United States,Los Angeles,Florida,South,Office Supplies,Storage,Storage Box,1591.26,3,0.2,226.19
US-2024-00212,2024-11-19,2024-11-21,Arjun Mehta,Home Office,United States,Chicago,Texas,Central,Furniture,Bookcases,Wood Bookcase,742.99,3,0.0,120.81
US-2024-00213,2024-08-11,2024-08-15,Kavya Reddy,Home Office,United States,New York City,Georgia,South,Office Supplies,Paper,Printer Paper,967.05,3,0.0,82.11
US-2024-00214,2024-01-03,2024-01-04,Kavya Reddy,Corporate,United States,Chicago,Georgia,South,Furniture,Furnishings,Office Mat,2165.31,8,0.1,205.17
US-2023-00215,2023-03-26,2023-03-31,Meera Kapoor,Home Office,United States,Denver,Washington,West,Office Supplies,Binders,Ring Binder,1412.58,4,0.0,321.19
US-2024-00216,2024-07-16,2024-07-21,Arjun Mehta,Consumer,United States,Portland,California,West,Office Supplies,Storage,Desk Organizer,495.92,1,0.1,62.55
US-2024-00217,2024-10-31,2024-11-02,Ananya Rao,Consumer,United States,Portland,Texas,Central,Office Supplies,Storage,Storage Box,579.77,2,0.0,131.12
US-2024-00218,2024-08-25,2024-08-31,Vikram Singh,Home Office,United States,Atlanta,Colorado,Central,Furniture,Tables,Office Table,2100.37,4,0.15,119.08
US-2023-00219,2023-06-22,2023-06-25,Aarav Sharma,Corporate,United States,Phoenix,Minnesota,Central,Technology,Machines,Desktop Computer,190.1,2,0.3,17.79
US-2023-00220,2023-05-10,2023-05-16,Aditya Joshi,Corporate,United States,Boston,Pennsylvania,East,Furniture,Bookcases,Wood Bookcase,2255.63,7,0.15,280.32
US-2024-00221,2024-04-07,2024-04-08,Aarav Sharma,Home Office,United States,Los Angeles,Arizona,West,Technology,Machines,Desktop Computer,1799.49,6,0.1,132.35
US-2024-00222,2024-04-14,2024-04-20,Vikram Singh,Corporate,United States,Atlanta,Texas,Central,Technology,Copiers,Color Copier,3762.87,7,0.1,223.7
US-2024-00223,2024-08-14,2024-08-16,Priya Nair,Consumer,United States,Denver,North Carolina,South,Technology,Phones,Smartphone,820.01,2,0.3,12.55
US-2024-00224,2024-04-12,2024-04-13,Sneha Iyer,Corporate,United States,Los Angeles,Georgia,South,Technology,Accessories,USB Hub,1708.14,3,0.05,68.16
US-2024-00225,2024-01-16,2024-01-22,Aarav Sharma,Consumer,United States,Denver,New York,East,Office Supplies,Storage,Desk Organizer,1134.27,4,0.0,236.93
US-2023-00226,2023-03-21,2023-03-23,Rahul Verma,Corporate,United States,Los Angeles,Massachusetts,East,Furniture,Chairs,Conference Chair,3195.5,6,0.3,20.31
US-2023-00227,2023-08-23,2023-08-27,Rahul Verma,Home Office,United States,Phoenix,California,West,Furniture,Bookcases,Office Bookcase,480.19,5,0.3,48.12
US-2023-00228,2023-05-27,2023-05-28,Meera Kapoor,Home Office,United States,Denver,Washington,West,Office Supplies,Storage,Desk Organizer,1644.91,4,0.0,428.95
US-2023-00229,2023-08-11,2023-08-12,Aditya Joshi,Consumer,United States,Houston,Washington,West,Furniture,Furnishings,Wall Clock,1469.38,7,0.0,146.16
US-2024-00230,2024-07-20,2024-07-25,Ananya Rao,Corporate,United States,Boston,Texas,Central,Technology,Machines,Laptop,1952.46,4,0.05,336.96
US-2023-00231,2023-04-26,2023-04-28,Arjun Mehta,Corporate,United States,Atlanta,Florida,South,Technology,Phones,Business Phone,556.4,6,0.3,59.18
US-2024-00232,2024-11-30,2024-12-02,Arjun Mehta,Home Office,United States,Seattle,Florida,South,Furniture,Chairs,Ergonomic Office Chair,732.53,5,0.0,196.09
US-2024-00233,2024-10-05,2024-10-11,Ananya Rao,Consumer,United States,Atlanta,Virginia,South,Technology,Copiers,Color Copier,558.4,3,0.05,20.36
US-2023-00234,2023-12-01,2023-12-05,Meera Kapoor,Home Office,United States,New York City,Oregon,West,Technology,Copiers,Color Copier,164.96,1,0.1,3.77
US-2023-00235,2023-11-13,2023-11-19,Neha Patel,Corporate,United States,Chicago,New York,East,Furniture,Tables,Computer Table,113.18,1,0.05,16.19
US-2024-00236,2024-01-16,2024-01-18,Meera Kapoor,Home Office,United States,Los Angeles,Texas,Central,Furniture,Bookcases,Office Bookcase,1721.57,5,0.05,324.44
US-2024-00237,2024-05-23,2024-05-27,Aditya Joshi,Home Office,United States,Los Angeles,Texas,Central,Office Supplies,Paper,Premium Paper,515.35,3,0.0,131.22
US-2023-00238,2023-08-22,2023-08-28,Aarav Sharma,Home Office,United States,Portland,California,West,Furniture,Tables,Office Table,1933.38,8,0.0,160.38
US-2024-00239,2024-11-02,2024-11-06,Priya Nair,Home Office,United States,Phoenix,Ohio,East,Furniture,Furnishings,Office Mat,1092.89,6,0.0,193.63
US-2023-00240,2023-02-23,2023-02-25,Rohan Das,Corporate,United States,New York City,New York,East,Office Supplies,Binders,Ring Binder,2523.02,5,0.05,242.34
US-2024-00241,2024-01-13,2024-01-15,Ananya Rao,Home Office,United States,Atlanta,Minnesota,Central,Technology,Accessories,Headset,2327.19,6,0.1,545.65
US-2023-00242,2023-09-09,2023-09-11,Sneha Iyer,Consumer,United States,Phoenix,Arizona,West,Furniture,Tables,Computer Table,2497.65,6,0.2,400.94
US-2024-00243,2024-01-21,2024-01-27,Priya Nair,Consumer,United States,Houston,Texas,Central,Furniture,Tables,Meeting Table,5000.65,8,0.0,1054.12
US-2024-00244,2024-06-16,2024-06-20,Priya Nair,Home Office,United States,Dallas,Colorado,Central,Technology,Phones,Conference Phone,664.97,2,0.2,97.61
US-2023-00245,2023-03-05,2023-03-09,Kavya Reddy,Corporate,United States,Houston,Pennsylvania,East,Office Supplies,Storage,Storage Box,3205.06,7,0.2,90.7
US-2023-00246,2023-03-18,2023-03-20,Sneha Iyer,Consumer,United States,Denver,New York,East,Furniture,Chairs,Ergonomic Office Chair,2457.66,8,0.1,58.93
US-2023-00247,2023-11-12,2023-11-16,Ananya Rao,Corporate,United States,Chicago,Texas,Central,Furniture,Tables,Computer Table,2692.7,5,0.2,255.25
US-2023-00248,2023-04-04,2023-04-10,Arjun Mehta,Corporate,United States,Atlanta,Ohio,East,Office Supplies,Binders,Presentation Binder,875.14,5,0.0,41.53
US-2024-00249,2024-07-17,2024-07-19,Rahul Verma,Consumer,United States,Boston,Arizona,West,Furniture,Tables,Office Table,47.59,1,0.3,6.7
US-2024-00250,2024-01-17,2024-01-23,Priya Nair,Corporate,United States,Los Angeles,Oregon,West,Furniture,Chairs,Ergonomic Office Chair,2349.61,4,0.1,444.62
US-2023-00251,2023-02-13,2023-02-17,Sneha Iyer,Consumer,United States,Chicago,Washington,West,Technology,Copiers,Laser Copier,215.42,8,0.2,11.29
US-2023-00252,2023-10-09,2023-10-12,Priya Nair,Corporate,United States,Boston,Georgia,South,Furniture,Tables,Computer Table,1641.44,5,0.15,143.57
US-2023-00253,2023-05-21,2023-05-25,Meera Kapoor,Home Office,United States,Miami,Pennsylvania,East,Technology,Phones,Business Phone,1895.74,6,0.3,40.42
US-2024-00254,2024-02-02,2024-02-05,Meera Kapoor,Consumer,United States,Chicago,New York,East,Office Supplies,Paper,Copy Paper,228.08,5,0.1,27.84
US-2023-00255,2023-04-13,2023-04-15,Rahul Verma,Consumer,United States,Houston,Ohio,East,Technology,Phones,Smartphone,1650.49,7,0.3,235.97
US-2024-00256,2024-08-29,2024-09-01,Kavya Reddy,Home Office,United States,Seattle,Texas,Central,Technology,Machines,Desktop Computer,1108.55,3,0.0,266.95
US-2023-00257,2023-06-29,2023-07-03,Meera Kapoor,Consumer,United States,Chicago,California,West,Furniture,Tables,Computer Table,83.18,4,0.1,-0.4
US-2023-00258,2023-12-15,2023-12-21,Sneha Iyer,Consumer,United States,Miami,Ohio,East,Furniture,Chairs,Ergonomic Office Chair,1515.43,3,0.3,47.45
US-2024-00259,2024-12-22,2024-12-28,Aditya Joshi,Corporate,United States,Phoenix,Florida,South,Office Supplies,Storage,Storage Box,1903.51,3,0.2,338.23
US-2023-00260,2023-11-21,2023-11-23,Neha Patel,Consumer,United States,Portland,Illinois,Central,Technology,Accessories,Headset,2396.12,5,0.05,115.17
US-2024-00261,2024-08-09,2024-08-13,Rahul Verma,Corporate,United States,Portland,Washington,West,Technology,Machines,Desktop Computer,1674.61,4,0.0,443.45
US-2023-00262,2023-03-21,2023-03-23,Neha Patel,Consumer,United States,Miami,Minnesota,Central,Furniture,Chairs,Conference Chair,1768.42,6,0.05,119.94
US-2023-00263,2023-09-20,2023-09-21,Arjun Mehta,Corporate,United States,Atlanta,California,West,Office Supplies,Art,Whiteboard Markers,4411.14,7,0.1,499.96
US-2024-00264,2024-01-20,2024-01-21,Priya Nair,Consumer,United States,Miami,Georgia,South,Furniture,Furnishings,Desk Lamp,197.33,1,0.05,15.82
US-2023-00265,2023-06-24,2023-06-28,Rahul Verma,Home Office,United States,Boston,New York,East,Technology,Phones,Business Phone,3682.34,8,0.1,814.48
US-2023-00266,2023-06-10,2023-06-11,Aarav Sharma,Corporate,United States,Dallas,Oregon,West,Furniture,Tables,Meeting Table,2160.52,5,0.05,160.98
US-2024-00267,2024-07-16,2024-07-20,Kavya Reddy,Consumer,United States,Los Angeles,New York,East,Office Supplies,Binders,Ring Binder,394.2,2,0.2,39.43
US-2023-00268,2023-01-27,2023-01-29,Aditya Joshi,Corporate,United States,Los Angeles,Ohio,East,Furniture,Furnishings,Desk Lamp,2559.45,5,0.1,287.64
US-2024-00269,2024-10-19,2024-10-24,Vikram Singh,Consumer,United States,Seattle,Georgia,South,Office Supplies,Art,Drawing Paper,882.56,3,0.05,108.59
US-2024-00270,2024-07-31,2024-08-01,Rohan Das,Corporate,United States,Atlanta,New York,East,Furniture,Bookcases,Office Bookcase,1453.65,4,0.3,-3.04
US-2024-00271,2024-12-04,2024-12-08,Aditya Joshi,Home Office,United States,Chicago,Massachusetts,East,Office Supplies,Binders,Ring Binder,330.35,1,0.15,54.38
US-2023-00272,2023-05-04,2023-05-08,Aditya Joshi,Consumer,United States,Dallas,Pennsylvania,East,Furniture,Tables,Office Table,279.81,1,0.2,15.25
US-2023-00273,2023-09-22,2023-09-25,Aarav Sharma,Home Office,United States,Dallas,California,West,Office Supplies,Art,Whiteboard Markers,3347.72,6,0.15,276.05
US-2024-00274,2024-08-24,2024-08-29,Vikram Singh,Home Office,United States,Miami,Florida,South,Office Supplies,Paper,Copy Paper,1203.61,2,0.15,192.08
US-2024-00275,2024-02-25,2024-02-28,Aditya Joshi,Home Office,United States,Boston,Virginia,South,Technology,Copiers,Color Copier,554.45,3,0.0,104.45
US-2023-00276,2023-02-09,2023-02-13,Vikram Singh,Corporate,United States,Denver,Illinois,Central,Furniture,Furnishings,Wall Clock,125.94,6,0.3,12.02
US-2024-00277,2024-12-13,2024-12-19,Priya Nair,Consumer,United States,Denver,Washington,West,Furniture,Bookcases,Office Bookcase,1085.81,6,0.1,152.23
US-2023-00278,2023-08-05,2023-08-09,Rohan Das,Home Office,United States,New York City,North Carolina,South,Furniture,Tables,Office Table,2317.72,5,0.1,63.87
US-2023-00279,2023-06-27,2023-06-29,Sneha Iyer,Corporate,United States,Atlanta,New York,East,Furniture,Chairs,Executive Chair,597.38,1,0.2,-1.32
US-2024-00280,2024-02-11,2024-02-17,Rohan Das,Corporate,United States,Miami,California,West,Furniture,Bookcases,Office Bookcase,976.07,8,0.3,18.45
US-2023-00281,2023-06-17,2023-06-20,Ananya Rao,Home Office,United States,Houston,Oregon,West,Furniture,Furnishings,Desk Lamp,1668.46,3,0.3,227.88
US-2024-00282,2024-11-24,2024-11-26,Meera Kapoor,Consumer,United States,Houston,Colorado,Central,Technology,Phones,Conference Phone,312.37,1,0.0,61.03
US-2023-00283,2023-09-16,2023-09-21,Rohan Das,Home Office,United States,Boston,Minnesota,Central,Office Supplies,Art,Drawing Paper,1358.27,8,0.1,91.7
US-2024-00284,2024-08-21,2024-08-22,Aditya Joshi,Corporate,United States,Seattle,Oregon,West,Technology,Machines,Printer,634.55,2,0.05,161.62
US-2023-00285,2023-09-25,2023-10-01,Aarav Sharma,Home Office,United States,Denver,Illinois,Central,Furniture,Tables,Office Table,3024.42,7,0.2,-49.65
US-2023-00286,2023-10-30,2023-11-02,Rohan Das,Home Office,United States,Denver,Virginia,South,Office Supplies,Binders,Presentation Binder,913.25,4,0.2,3.08
US-2024-00287,2024-11-18,2024-11-21,Rohan Das,Consumer,United States,Phoenix,Illinois,Central,Technology,Accessories,USB Hub,620.48,2,0.2,7.49
US-2023-00288,2023-12-10,2023-12-16,Meera Kapoor,Corporate,United States,Denver,Washington,West,Office Supplies,Paper,Printer Paper,1389.72,5,0.05,148.29
US-2023-00289,2023-05-01,2023-05-05,Arjun Mehta,Consumer,United States,Chicago,California,West,Office Supplies,Paper,Printer Paper,1129.87,2,0.1,138.03
US-2023-00290,2023-05-21,2023-05-23,Kavya Reddy,Corporate,United States,Phoenix,Colorado,Central,Technology,Copiers,Color Copier,3369.94,6,0.0,764.79
US-2023-00291,2023-07-01,2023-07-04,Priya Nair,Consumer,United States,Dallas,California,West,Office Supplies,Storage,File Cabinet,1133.91,3,0.0,178.59
US-2024-00292,2024-03-20,2024-03-26,Aarav Sharma,Corporate,United States,Atlanta,Virginia,South,Office Supplies,Art,Drawing Paper,32.22,1,0.0,6.94
US-2023-00293,2023-07-15,2023-07-16,Rahul Verma,Consumer,United States,New York City,Washington,West,Furniture,Bookcases,Office Bookcase,221.82,3,0.15,25.24
US-2023-00294,2023-11-02,2023-11-05,Arjun Mehta,Consumer,United States,Houston,North Carolina,South,Office Supplies,Paper,Premium Paper,1909.11,8,0.0,151.91
US-2023-00295,2023-08-18,2023-08-24,Aarav Sharma,Corporate,United States,Phoenix,Pennsylvania,East,Technology,Phones,Conference Phone,261.21,3,0.2,27.72
US-2023-00296,2023-09-19,2023-09-24,Arjun Mehta,Consumer,United States,Atlanta,California,West,Technology,Phones,Conference Phone,38.97,1,0.0,5.46
US-2023-00297,2023-09-16,2023-09-20,Meera Kapoor,Home Office,United States,Portland,Pennsylvania,East,Technology,Phones,Business Phone,3029.52,7,0.2,226.83
US-2023-00298,2023-05-21,2023-05-25,Rohan Das,Consumer,United States,Miami,California,West,Office Supplies,Binders,Premium Binder,1084.25,8,0.0,245.81
US-2024-00299,2024-12-21,2024-12-25,Priya Nair,Consumer,United States,Dallas,Illinois,Central,Furniture,Furnishings,Desk Lamp,1761.98,8,0.0,75.87
US-2024-00300,2024-11-16,2024-11-20,Vikram Singh,Corporate,United States,Denver,New York,East,Technology,Phones,Conference Phone,1177.74,2,0.2,6.45
US-2023-00301,2023-02-21,2023-02-22,Aarav Sharma,Consumer,United States,Chicago,New York,East,Office Supplies,Storage,Desk Organizer,1688.93,6,0.0,106.06
US-2024-00302,2024-11-10,2024-11-16,Sneha Iyer,Consumer,United States,Los Angeles,Ohio,East,Office Supplies,Art,Whiteboard Markers,2859.91,5,0.0,370.16
US-2024-00303,2024-02-15,2024-02-19,Rahul Verma,Consumer,United States,Boston,North Carolina,South,Office Supplies,Art,Drawing Paper,241.75,3,0.2,30.06
US-2024-00304,2024-08-27,2024-08-31,Rahul Verma,Corporate,United States,Denver,Georgia,South,Technology,Copiers,Laser Copier,561.77,1,0.3,44.69
US-2023-00305,2023-04-26,2023-04-30,Neha Patel,Home Office,United States,Portland,Florida,South,Furniture,Bookcases,Office Bookcase,460.33,1,0.2,34.96
US-2024-00306,2024-08-01,2024-08-03,Rohan Das,Home Office,United States,New York City,Texas,Central,Office Supplies,Paper,Premium Paper,2604.61,6,0.2,110.36
US-2023-00307,2023-01-12,2023-01-18,Aarav Sharma,Home Office,United States,Houston,Massachusetts,East,Office Supplies,Paper,Copy Paper,1710.78,8,0.05,428.27
US-2024-00308,2024-07-17,2024-07-23,Kavya Reddy,Corporate,United States,Miami,Virginia,South,Furniture,Chairs,Executive Chair,4179.28,8,0.1,67.39
US-2023-00309,2023-05-02,2023-05-06,Meera Kapoor,Home Office,United States,Seattle,California,West,Office Supplies,Art,Sketch Pens,538.23,1,0.3,26.92
US-2024-00310,2024-06-04,2024-06-09,Meera Kapoor,Home Office,United States,Denver,Massachusetts,East,Office Supplies,Storage,File Cabinet,2200.21,4,0.05,334.29
US-2024-00311,2024-11-03,2024-11-06,Vikram Singh,Home Office,United States,Atlanta,Florida,South,Furniture,Tables,Office Table,1416.0,6,0.2,256.95
US-2024-00312,2024-01-18,2024-01-24,Priya Nair,Corporate,United States,Houston,California,West,Furniture,Furnishings,Desk Lamp,536.69,7,0.15,10.48
US-2024-00313,2024-04-13,2024-04-15,Meera Kapoor,Home Office,United States,Chicago,Texas,Central,Office Supplies,Binders,Presentation Binder,1007.43,2,0.1,105.55
US-2024-00314,2024-05-25,2024-05-26,Aditya Joshi,Home Office,United States,Dallas,Arizona,West,Technology,Copiers,Color Copier,1430.93,3,0.0,92.8
US-2023-00315,2023-11-26,2023-12-01,Rahul Verma,Consumer,United States,Boston,Virginia,South,Technology,Accessories,USB Hub,4386.39,7,0.05,553.49
US-2024-00316,2024-09-08,2024-09-14,Aditya Joshi,Consumer,United States,Portland,Minnesota,Central,Technology,Accessories,Mouse,1634.86,4,0.05,298.01
US-2024-00317,2024-10-27,2024-10-29,Arjun Mehta,Consumer,United States,Atlanta,Texas,Central,Office Supplies,Art,Whiteboard Markers,3086.05,7,0.3,102.26
US-2023-00318,2023-04-20,2023-04-21,Aditya Joshi,Corporate,United States,Chicago,Georgia,South,Furniture,Chairs,Ergonomic Office Chair,2448.09,5,0.0,675.79
US-2023-00319,2023-03-05,2023-03-11,Rohan Das,Consumer,United States,Portland,Illinois,Central,Technology,Phones,Business Phone,590.34,8,0.3,39.63
US-2024-00320,2024-10-24,2024-10-29,Aditya Joshi,Corporate,United States,Atlanta,Georgia,South,Technology,Machines,Desktop Computer,602.8,1,0.1,57.25
US-2023-00321,2023-02-25,2023-02-26,Ananya Rao,Home Office,United States,Houston,Illinois,Central,Technology,Copiers,Color Copier,2956.67,6,0.15,442.7
US-2023-00322,2023-10-29,2023-11-02,Vikram Singh,Consumer,United States,Chicago,New York,East,Furniture,Tables,Computer Table,500.32,2,0.1,31.01
US-2024-00323,2024-08-21,2024-08-24,Aditya Joshi,Home Office,United States,Phoenix,Oregon,West,Office Supplies,Paper,Copy Paper,1812.54,3,0.15,-27.72
US-2023-00324,2023-11-05,2023-11-09,Rohan Das,Consumer,United States,Boston,Texas,Central,Technology,Machines,Desktop Computer,2489.54,4,0.15,-27.73
US-2024-00325,2024-07-10,2024-07-15,Meera Kapoor,Home Office,United States,Denver,Florida,South,Office Supplies,Paper,Copy Paper,1323.27,6,0.05,92.53
US-2024-00326,2024-07-28,2024-08-03,Ananya Rao,Consumer,United States,Phoenix,California,West,Technology,Machines,Printer,2354.75,4,0.15,454.39
US-2023-00327,2023-11-25,2023-11-29,Aarav Sharma,Corporate,United States,Phoenix,Arizona,West,Office Supplies,Storage,File Cabinet,2029.12,6,0.15,161.18
US-2023-00328,2023-07-17,2023-07-20,Aditya Joshi,Corporate,United States,Los Angeles,California,West,Furniture,Chairs,Conference Chair,286.64,2,0.2,38.89
US-2023-00329,2023-07-30,2023-08-04,Aarav Sharma,Consumer,United States,Seattle,Florida,South,Technology,Accessories,Keyboard,3745.84,8,0.0,228.52
US-2024-00330,2024-07-25,2024-07-26,Priya Nair,Home Office,United States,New York City,Ohio,East,Office Supplies,Art,Drawing Paper,2002.01,7,0.0,267.23
US-2024-00331,2024-10-18,2024-10-24,Priya Nair,Corporate,United States,Denver,California,West,Technology,Phones,Business Phone,388.15,2,0.2,8.67
US-2024-00332,2024-01-26,2024-01-30,Aditya Joshi,Consumer,United States,Seattle,Arizona,West,Furniture,Tables,Office Table,3636.69,7,0.3,130.83
US-2024-00333,2024-11-24,2024-11-30,Rohan Das,Consumer,United States,Seattle,Texas,Central,Technology,Accessories,Keyboard,11.23,1,0.15,0.75
US-2023-00334,2023-08-04,2023-08-10,Priya Nair,Consumer,United States,Phoenix,Illinois,Central,Office Supplies,Paper,Copy Paper,449.24,3,0.3,-15.43
US-2024-00335,2024-08-03,2024-08-04,Sneha Iyer,Corporate,United States,Chicago,Florida,South,Office Supplies,Binders,Ring Binder,269.48,2,0.15,24.1
US-2024-00336,2024-11-18,2024-11-24,Vikram Singh,Home Office,United States,Dallas,New York,East,Office Supplies,Binders,Premium Binder,1919.54,6,0.05,317.53
US-2023-00337,2023-06-06,2023-06-11,Aditya Joshi,Corporate,United States,Seattle,Minnesota,Central,Office Supplies,Paper,Copy Paper,996.27,6,0.0,210.14
US-2024-00338,2024-01-04,2024-01-06,Meera Kapoor,Consumer,United States,Seattle,Colorado,Central,Office Supplies,Art,Drawing Paper,1603.18,5,0.0,131.76
US-2023-00339,2023-05-24,2023-05-29,Aarav Sharma,Home Office,United States,Dallas,Ohio,East,Technology,Phones,Conference Phone,1161.46,2,0.3,31.04
US-2024-00340,2024-02-19,2024-02-24,Ananya Rao,Home Office,United States,Portland,New York,East,Technology,Machines,Desktop Computer,3422.47,8,0.0,437.38
US-2023-00341,2023-10-25,2023-10-27,Meera Kapoor,Home Office,United States,Chicago,Florida,South,Office Supplies,Storage,Desk Organizer,433.44,1,0.3,59.1
US-2024-00342,2024-06-10,2024-06-12,Kavya Reddy,Consumer,United States,Los Angeles,Georgia,South,Furniture,Tables,Computer Table,4887.6,8,0.0,452.18
US-2023-00343,2023-09-28,2023-10-01,Aarav Sharma,Home Office,United States,Miami,New York,East,Technology,Accessories,USB Hub,2166.72,7,0.1,447.58
US-2023-00344,2023-04-16,2023-04-22,Priya Nair,Home Office,United States,Seattle,Minnesota,Central,Technology,Accessories,Headset,1697.64,7,0.2,281.09
US-2024-00345,2024-01-21,2024-01-23,Ananya Rao,Consumer,United States,Atlanta,North Carolina,South,Office Supplies,Art,Drawing Paper,330.18,1,0.0,48.07
US-2024-00346,2024-10-20,2024-10-23,Neha Patel,Consumer,United States,Denver,Pennsylvania,East,Furniture,Tables,Meeting Table,864.86,2,0.1,164.05
US-2024-00347,2024-11-22,2024-11-26,Rahul Verma,Consumer,United States,Phoenix,Georgia,South,Technology,Accessories,Headset,164.44,1,0.0,29.21
US-2024-00348,2024-06-08,2024-06-09,Neha Patel,Home Office,United States,Phoenix,New York,East,Furniture,Bookcases,Wood Bookcase,2749.51,7,0.15,345.14
US-2023-00349,2023-10-18,2023-10-19,Meera Kapoor,Consumer,United States,Dallas,Massachusetts,East,Technology,Copiers,Laser Copier,446.49,3,0.1,62.15
US-2024-00350,2024-11-06,2024-11-11,Aarav Sharma,Consumer,United States,Atlanta,Illinois,Central,Technology,Machines,Printer,311.08,2,0.1,8.32
US-2024-00351,2024-05-31,2024-06-06,Rohan Das,Home Office,United States,Los Angeles,Georgia,South,Technology,Phones,Smartphone,4694.66,8,0.15,-85.12
US-2023-00352,2023-04-06,2023-04-10,Ananya Rao,Corporate,United States,Boston,New York,East,Technology,Copiers,Laser Copier,3417.82,6,0.2,263.71
US-2023-00353,2023-12-25,2023-12-30,Rohan Das,Corporate,United States,Seattle,Arizona,West,Furniture,Bookcases,Office Bookcase,2369.1,4,0.0,255.82
US-2023-00354,2023-07-13,2023-07-14,Priya Nair,Consumer,United States,Boston,California,West,Technology,Phones,Business Phone,1798.18,4,0.05,207.91
US-2024-00355,2024-10-29,2024-11-03,Arjun Mehta,Home Office,United States,Atlanta,Minnesota,Central,Technology,Copiers,Laser Copier,3223.67,5,0.1,567.99
US-2024-00356,2024-05-09,2024-05-11,Aditya Joshi,Consumer,United States,Portland,Colorado,Central,Office Supplies,Storage,Desk Organizer,3030.2,6,0.1,519.95
US-2023-00357,2023-08-24,2023-08-28,Priya Nair,Consumer,United States,Denver,New York,East,Furniture,Furnishings,Wall Clock,111.19,1,0.2,-5.42
US-2024-00358,2024-09-06,2024-09-10,Arjun Mehta,Home Office,United States,Phoenix,California,West,Office Supplies,Paper,Premium Paper,797.99,2,0.2,33.71
US-2024-00359,2024-06-17,2024-06-20,Rohan Das,Corporate,United States,Houston,Washington,West,Technology,Copiers,Laser Copier,137.5,1,0.2,23.84
US-2023-00360,2023-02-04,2023-02-09,Vikram Singh,Corporate,United States,Miami,Pennsylvania,East,Technology,Phones,Business Phone,1714.09,4,0.0,104.29
US-2024-00361,2024-11-16,2024-11-20,Rohan Das,Home Office,United States,Miami,Georgia,South,Technology,Phones,Conference Phone,1196.22,2,0.15,48.78
US-2023-00362,2023-12-22,2023-12-25,Rohan Das,Consumer,United States,Atlanta,Pennsylvania,East,Office Supplies,Art,Whiteboard Markers,175.63,1,0.1,20.46
US-2023-00363,2023-10-29,2023-11-01,Ananya Rao,Corporate,United States,Denver,Oregon,West,Technology,Machines,Desktop Computer,5025.66,8,0.15,445.13
US-2024-00364,2024-11-28,2024-12-02,Ananya Rao,Corporate,United States,Boston,Arizona,West,Furniture,Bookcases,Wood Bookcase,2903.68,7,0.0,587.88
US-2023-00365,2023-12-28,2024-01-02,Rohan Das,Consumer,United States,Denver,Oregon,West,Furniture,Bookcases,Wood Bookcase,3083.6,7,0.3,-39.85
US-2023-00366,2023-11-18,2023-11-21,Ananya Rao,Consumer,United States,Houston,Ohio,East,Furniture,Tables,Meeting Table,635.12,4,0.0,158.44
US-2023-00367,2023-09-13,2023-09-18,Aarav Sharma,Corporate,United States,Miami,Illinois,Central,Furniture,Chairs,Ergonomic Office Chair,3216.62,8,0.3,356.08
US-2024-00368,2024-09-27,2024-09-30,Aarav Sharma,Home Office,United States,Boston,North Carolina,South,Office Supplies,Paper,Printer Paper,1317.19,5,0.3,57.17
US-2024-00369,2024-05-04,2024-05-09,Aarav Sharma,Consumer,United States,Phoenix,Oregon,West,Office Supplies,Paper,Premium Paper,912.55,2,0.1,64.57
US-2023-00370,2023-08-04,2023-08-08,Sneha Iyer,Corporate,United States,Chicago,Oregon,West,Office Supplies,Storage,File Cabinet,801.22,5,0.1,180.31
US-2024-00371,2024-05-25,2024-05-29,Meera Kapoor,Home Office,United States,Houston,Massachusetts,East,Technology,Machines,Printer,1312.66,7,0.0,232.52
US-2023-00372,2023-04-13,2023-04-19,Aarav Sharma,Consumer,United States,Boston,Illinois,Central,Technology,Copiers,Laser Copier,406.53,4,0.2,-5.74
US-2024-00373,2024-05-26,2024-05-28,Ananya Rao,Corporate,United States,Denver,Colorado,Central,Office Supplies,Storage,Desk Organizer,263.77,1,0.2,-2.85
US-2024-00374,2024-10-06,2024-10-07,Aditya Joshi,Home Office,United States,Houston,North Carolina,South,Office Supplies,Storage,Storage Box,1144.69,5,0.1,27.58
US-2024-00375,2024-08-13,2024-08-18,Arjun Mehta,Home Office,United States,Seattle,Ohio,East,Office Supplies,Storage,Desk Organizer,4043.09,8,0.1,843.03
US-2024-00376,2024-04-19,2024-04-25,Sneha Iyer,Consumer,United States,Miami,Pennsylvania,East,Technology,Machines,Printer,3870.96,7,0.0,228.34
US-2023-00377,2023-11-21,2023-11-27,Rohan Das,Corporate,United States,Boston,Minnesota,Central,Technology,Copiers,Laser Copier,4075.08,8,0.05,802.77
US-2023-00378,2023-06-21,2023-06-23,Priya Nair,Corporate,United States,Atlanta,Washington,West,Technology,Accessories,USB Hub,286.37,2,0.1,5.65
US-2023-00379,2023-02-25,2023-02-26,Ananya Rao,Home Office,United States,Seattle,Florida,South,Furniture,Bookcases,Wood Bookcase,856.81,2,0.1,59.33
US-2024-00380,2024-03-29,2024-04-04,Kavya Reddy,Corporate,United States,Atlanta,Pennsylvania,East,Technology,Accessories,Keyboard,434.0,1,0.3,54.1
US-2023-00381,2023-10-06,2023-10-11,Sneha Iyer,Corporate,United States,Atlanta,Georgia,South,Technology,Accessories,Headset,2408.43,7,0.2,188.12
US-2023-00382,2023-08-21,2023-08-22,Rahul Verma,Corporate,United States,Seattle,North Carolina,South,Office Supplies,Art,Drawing Paper,608.68,3,0.0,100.79
US-2024-00383,2024-04-25,2024-04-30,Aarav Sharma,Home Office,United States,Miami,Arizona,West,Office Supplies,Storage,File Cabinet,3642.05,7,0.15,101.95
US-2023-00384,2023-07-13,2023-07-17,Arjun Mehta,Home Office,United States,Houston,Virginia,South,Furniture,Tables,Computer Table,3778.95,7,0.0,389.67
US-2024-00385,2024-06-13,2024-06-18,Priya Nair,Home Office,United States,Denver,Minnesota,Central,Technology,Machines,Printer,2223.74,4,0.0,161.87
US-2024-00386,2024-09-24,2024-09-28,Priya Nair,Corporate,United States,Seattle,Colorado,Central,Furniture,Bookcases,Wood Bookcase,119.59,3,0.15,-2.65
US-2023-00387,2023-05-09,2023-05-15,Kavya Reddy,Corporate,United States,Denver,Florida,South,Furniture,Chairs,Ergonomic Office Chair,324.88,1,0.05,38.45
US-2024-00388,2024-12-14,2024-12-15,Vikram Singh,Corporate,United States,New York City,Texas,Central,Furniture,Chairs,Executive Chair,376.8,7,0.1,14.54
US-2023-00389,2023-05-05,2023-05-11,Rohan Das,Home Office,United States,Houston,Massachusetts,East,Office Supplies,Paper,Printer Paper,135.87,1,0.2,18.35
US-2024-00390,2024-04-29,2024-05-03,Sneha Iyer,Consumer,United States,Phoenix,Minnesota,Central,Furniture,Chairs,Conference Chair,341.25,2,0.2,7.41
US-2023-00391,2023-08-12,2023-08-13,Aarav Sharma,Consumer,United States,Dallas,Massachusetts,East,Office Supplies,Binders,Premium Binder,1916.88,5,0.1,353.46
US-2024-00392,2024-12-08,2024-12-12,Aditya Joshi,Consumer,United States,New York City,Ohio,East,Furniture,Tables,Office Table,533.44,8,0.15,28.66
US-2023-00393,2023-12-31,2024-01-06,Sneha Iyer,Corporate,United States,Portland,New York,East,Furniture,Furnishings,Desk Lamp,3829.41,6,0.3,228.67
US-2023-00394,2023-07-17,2023-07-18,Rohan Das,Home Office,United States,Denver,North Carolina,South,Technology,Accessories,USB Hub,319.56,1,0.1,41.28
US-2023-00395,2023-07-14,2023-07-19,Vikram Singh,Home Office,United States,Miami,Ohio,East,Office Supplies,Art,Drawing Paper,156.66,3,0.0,23.16
US-2024-00396,2024-04-09,2024-04-10,Arjun Mehta,Consumer,United States,Atlanta,Georgia,South,Furniture,Bookcases,Wood Bookcase,2825.31,6,0.2,514.54
US-2024-00397,2024-11-30,2024-12-04,Aarav Sharma,Consumer,United States,Chicago,Ohio,East,Office Supplies,Art,Whiteboard Markers,473.51,6,0.15,61.86
US-2023-00398,2023-02-02,2023-02-04,Meera Kapoor,Corporate,United States,New York City,Arizona,West,Furniture,Chairs,Ergonomic Office Chair,3012.7,7,0.15,368.31
US-2024-00399,2024-01-11,2024-01-13,Neha Patel,Corporate,United States,Miami,California,West,Furniture,Furnishings,Desk Lamp,4178.04,8,0.0,529.03
US-2024-00400,2024-12-26,2024-12-27,Neha Patel,Consumer,United States,Atlanta,Texas,Central,Technology,Phones,Business Phone,1228.87,2,0.15,-5.15
US-2024-00401,2024-01-30,2024-02-01,Kavya Reddy,Home Office,United States,Phoenix,Pennsylvania,East,Technology,Accessories,Headset,999.91,2,0.15,58.41
US-2024-00402,2024-03-13,2024-03-14,Sneha Iyer,Corporate,United States,Atlanta,Pennsylvania,East,Technology,Copiers,Laser Copier,1052.29,3,0.15,82.94
US-2023-00403,2023-11-29,2023-12-02,Rohan Das,Home Office,United States,Seattle,Virginia,South,Technology,Machines,Desktop Computer,1478.16,4,0.0,192.18
US-2024-00404,2024-01-04,2024-01-08,Ananya Rao,Consumer,United States,Miami,Virginia,South,Furniture,Chairs,Executive Chair,340.31,1,0.05,6.49
US-2023-00405,2023-01-23,2023-01-29,Meera Kapoor,Consumer,United States,Houston,Illinois,Central,Furniture,Chairs,Executive Chair,649.32,6,0.05,68.57
US-2023-00406,2023-09-20,2023-09-23,Neha Patel,Home Office,United States,Dallas,Arizona,West,Technology,Accessories,Keyboard,3102.27,6,0.0,487.63
US-2023-00407,2023-04-08,2023-04-13,Arjun Mehta,Corporate,United States,Los Angeles,Texas,Central,Technology,Copiers,Color Copier,599.84,1,0.05,60.59
US-2023-00408,2023-08-21,2023-08-27,Neha Patel,Consumer,United States,Chicago,Arizona,West,Furniture,Bookcases,Wood Bookcase,2127.81,6,0.0,252.02
US-2023-00409,2023-02-21,2023-02-27,Sneha Iyer,Consumer,United States,Denver,Virginia,South,Technology,Phones,Smartphone,1358.28,7,0.1,41.46
US-2024-00410,2024-08-08,2024-08-14,Kavya Reddy,Home Office,United States,Houston,Arizona,West,Office Supplies,Binders,Ring Binder,3533.57,7,0.0,787.59
US-2024-00411,2024-05-14,2024-05-18,Aditya Joshi,Corporate,United States,Boston,Pennsylvania,East,Furniture,Chairs,Executive Chair,1509.41,7,0.15,-9.05
US-2024-00412,2024-01-10,2024-01-13,Kavya Reddy,Home Office,United States,Chicago,Ohio,East,Office Supplies,Binders,Ring Binder,1926.22,3,0.15,326.84
US-2024-00413,2024-03-27,2024-03-28,Meera Kapoor,Consumer,United States,Seattle,Pennsylvania,East,Technology,Machines,Laptop,160.29,2,0.0,15.76
US-2023-00414,2023-01-15,2023-01-18,Rohan Das,Home Office,United States,Seattle,Oregon,West,Office Supplies,Art,Sketch Pens,853.1,6,0.15,19.92
US-2024-00415,2024-07-15,2024-07-19,Meera Kapoor,Corporate,United States,New York City,New York,East,Office Supplies,Binders,Ring Binder,139.77,3,0.0,32.06
US-2024-00416,2024-04-21,2024-04-27,Aditya Joshi,Corporate,United States,Houston,California,West,Office Supplies,Storage,Desk Organizer,3377.22,6,0.0,372.17
US-2024-00417,2024-01-25,2024-01-30,Neha Patel,Consumer,United States,New York City,Oregon,West,Office Supplies,Binders,Premium Binder,1317.67,4,0.1,170.72
US-2023-00418,2023-09-11,2023-09-16,Aditya Joshi,Corporate,United States,Houston,Minnesota,Central,Office Supplies,Art,Whiteboard Markers,59.38,3,0.2,2.05
US-2024-00419,2024-05-28,2024-05-31,Aditya Joshi,Consumer,United States,Los Angeles,Oregon,West,Office Supplies,Binders,Presentation Binder,764.12,5,0.05,177.9
US-2024-00420,2024-01-27,2024-02-01,Rahul Verma,Consumer,United States,Phoenix,Massachusetts,East,Furniture,Tables,Meeting Table,2960.25,5,0.05,370.92
US-2023-00421,2023-05-22,2023-05-27,Sneha Iyer,Consumer,United States,Atlanta,Pennsylvania,East,Office Supplies,Paper,Premium Paper,1287.9,3,0.15,248.06
US-2024-00422,2024-06-29,2024-07-05,Vikram Singh,Corporate,United States,Portland,Washington,West,Office Supplies,Paper,Printer Paper,499.41,1,0.1,112.71
US-2024-00423,2024-10-14,2024-10-20,Meera Kapoor,Home Office,United States,Dallas,Illinois,Central,Furniture,Chairs,Ergonomic Office Chair,74.46,3,0.15,8.98
US-2023-00424,2023-08-25,2023-08-30,Meera Kapoor,Corporate,United States,Portland,Pennsylvania,East,Technology,Phones,Business Phone,899.57,2,0.1,24.45
US-2024-00425,2024-10-27,2024-10-30,Aarav Sharma,Corporate,United States,Boston,Massachusetts,East,Office Supplies,Art,Sketch Pens,396.22,3,0.0,54.7
US-2023-00426,2023-08-16,2023-08-22,Ananya Rao,Corporate,United States,Boston,Pennsylvania,East,Furniture,Tables,Meeting Table,3596.86,8,0.3,53.27
US-2023-00427,2023-02-12,2023-02-17,Ananya Rao,Home Office,United States,Atlanta,North Carolina,South,Office Supplies,Binders,Presentation Binder,595.87,2,0.3,68.92
US-2024-00428,2024-02-10,2024-02-16,Vikram Singh,Corporate,United States,Chicago,Arizona,West,Technology,Phones,Smartphone,1450.97,5,0.05,294.81
US-2024-00429,2024-03-08,2024-03-11,Neha Patel,Home Office,United States,Chicago,Washington,West,Office Supplies,Art,Sketch Pens,246.83,2,0.15,48.77
US-2024-00430,2024-02-07,2024-02-11,Neha Patel,Home Office,United States,Portland,Colorado,Central,Furniture,Tables,Meeting Table,2298.38,4,0.0,229.88
US-2023-00431,2023-06-17,2023-06-23,Rohan Das,Home Office,United States,Chicago,California,West,Furniture,Furnishings,Office Mat,376.6,6,0.2,15.89
US-2024-00432,2024-01-23,2024-01-28,Aarav Sharma,Corporate,United States,Seattle,Florida,South,Furniture,Bookcases,Wood Bookcase,1697.34,3,0.0,381.22
US-2023-00433,2023-11-13,2023-11-19,Vikram Singh,Consumer,United States,Denver,North Carolina,South,Technology,Accessories,Keyboard,1873.8,3,0.0,354.92
US-2024-00434,2024-05-24,2024-05-28,Meera Kapoor,Consumer,United States,Houston,Arizona,West,Furniture,Tables,Computer Table,2394.4,8,0.1,33.66
US-2024-00435,2024-07-14,2024-07-17,Meera Kapoor,Home Office,United States,Seattle,New York,East,Furniture,Tables,Office Table,189.45,6,0.3,-16.52
US-2023-00436,2023-12-06,2023-12-07,Meera Kapoor,Home Office,United States,Chicago,California,West,Office Supplies,Paper,Copy Paper,2001.6,5,0.2,236.12
US-2024-00437,2024-04-11,2024-04-17,Arjun Mehta,Home Office,United States,Los Angeles,Texas,Central,Furniture,Bookcases,Office Bookcase,3505.28,6,0.3,-276.08
US-2023-00438,2023-10-27,2023-10-31,Aarav Sharma,Consumer,United States,Dallas,New York,East,Technology,Machines,Printer,2413.76,7,0.2,0.42
US-2024-00439,2024-10-06,2024-10-11,Sneha Iyer,Consumer,United States,Dallas,Arizona,West,Technology,Machines,Printer,1048.21,6,0.15,221.49
US-2024-00440,2024-07-30,2024-08-03,Kavya Reddy,Home Office,United States,Los Angeles,Virginia,South,Furniture,Tables,Computer Table,3183.42,5,0.0,217.65
US-2023-00441,2023-08-01,2023-08-06,Vikram Singh,Consumer,United States,Seattle,Virginia,South,Furniture,Bookcases,Office Bookcase,61.01,4,0.0,12.54
US-2023-00442,2023-11-04,2023-11-09,Rahul Verma,Consumer,United States,Miami,Texas,Central,Furniture,Bookcases,Office Bookcase,3311.44,7,0.15,671.98
US-2023-00443,2023-12-13,2023-12-19,Sneha Iyer,Corporate,United States,Boston,Virginia,South,Furniture,Tables,Meeting Table,1231.99,3,0.3,41.73
US-2023-00444,2023-02-27,2023-03-04,Rahul Verma,Corporate,United States,New York City,Minnesota,Central,Technology,Phones,Smartphone,3127.81,6,0.3,-31.71
US-2023-00445,2023-12-14,2023-12-18,Kavya Reddy,Consumer,United States,Miami,Massachusetts,East,Furniture,Chairs,Executive Chair,2782.3,6,0.05,325.05
US-2024-00446,2024-04-07,2024-04-10,Aarav Sharma,Corporate,United States,Atlanta,Ohio,East,Furniture,Chairs,Executive Chair,507.34,1,0.0,74.33
US-2023-00447,2023-06-07,2023-06-09,Rohan Das,Home Office,United States,Chicago,Colorado,Central,Technology,Machines,Printer,1506.02,3,0.0,357.4
US-2023-00448,2023-07-30,2023-08-05,Priya Nair,Corporate,United States,Denver,Arizona,West,Office Supplies,Binders,Premium Binder,3032.8,5,0.2,465.69
US-2023-00449,2023-02-17,2023-02-18,Rohan Das,Corporate,United States,Denver,Texas,Central,Technology,Machines,Desktop Computer,856.02,4,0.0,93.11
US-2024-00450,2024-11-18,2024-11-19,Ananya Rao,Home Office,United States,Miami,Illinois,Central,Furniture,Bookcases,Wood Bookcase,623.23,1,0.15,59.75
US-2024-00451,2024-07-16,2024-07-19,Sneha Iyer,Home Office,United States,Denver,Illinois,Central,Technology,Machines,Desktop Computer,471.83,4,0.05,77.7
US-2023-00452,2023-02-21,2023-02-23,Neha Patel,Home Office,United States,Dallas,Arizona,West,Technology,Phones,Smartphone,297.78,7,0.1,26.52
US-2024-00453,2024-10-06,2024-10-12,Meera Kapoor,Consumer,United States,Los Angeles,North Carolina,South,Office Supplies,Storage,File Cabinet,1266.21,2,0.3,112.01
US-2024-00454,2024-12-16,2024-12-20,Meera Kapoor,Corporate,United States,Miami,Arizona,West,Office Supplies,Art,Drawing Paper,2465.05,4,0.0,608.04
US-2024-00455,2024-02-06,2024-02-08,Rahul Verma,Corporate,United States,Miami,Minnesota,Central,Office Supplies,Art,Sketch Pens,626.33,2,0.05,82.91
US-2024-00456,2024-09-10,2024-09-15,Meera Kapoor,Corporate,United States,Houston,New York,East,Office Supplies,Binders,Ring Binder,1033.48,2,0.15,85.92
US-2024-00457,2024-09-27,2024-09-29,Arjun Mehta,Home Office,United States,Miami,Massachusetts,East,Office Supplies,Binders,Ring Binder,2122.14,4,0.15,161.23
US-2024-00458,2024-07-11,2024-07-17,Rohan Das,Consumer,United States,Denver,Pennsylvania,East,Technology,Phones,Conference Phone,651.16,8,0.15,54.44
US-2023-00459,2023-06-30,2023-07-03,Priya Nair,Consumer,United States,Chicago,Florida,South,Technology,Phones,Conference Phone,1527.37,7,0.2,165.63
US-2024-00460,2024-08-17,2024-08-23,Ananya Rao,Home Office,United States,Miami,Washington,West,Technology,Accessories,Headset,1291.84,5,0.15,103.11
US-2023-00461,2023-11-03,2023-11-08,Rahul Verma,Corporate,United States,New York City,Colorado,Central,Technology,Machines,Laptop,400.58,1,0.15,27.84
US-2024-00462,2024-01-14,2024-01-19,Meera Kapoor,Corporate,United States,Phoenix,California,West,Technology,Machines,Laptop,2818.83,5,0.0,404.82
US-2023-00463,2023-11-22,2023-11-28,Rohan Das,Corporate,United States,Miami,Virginia,South,Office Supplies,Art,Whiteboard Markers,1733.27,4,0.1,49.18
US-2024-00464,2024-03-03,2024-03-05,Rahul Verma,Consumer,United States,Chicago,Illinois,Central,Furniture,Chairs,Ergonomic Office Chair,100.45,1,0.1,15.36
US-2024-00465,2024-10-19,2024-10-23,Ananya Rao,Consumer,United States,Boston,Virginia,South,Technology,Accessories,Headset,2536.91,7,0.1,221.55
US-2024-00466,2024-09-11,2024-09-12,Neha Patel,Corporate,United States,Los Angeles,Georgia,South,Technology,Machines,Printer,176.9,6,0.0,31.2
US-2024-00467,2024-08-17,2024-08-21,Kavya Reddy,Home Office,United States,Portland,Washington,West,Technology,Machines,Printer,687.99,2,0.15,-4.32
US-2024-00468,2024-11-10,2024-11-16,Meera Kapoor,Home Office,United States,Miami,Oregon,West,Technology,Phones,Business Phone,309.01,1,0.15,58.7
US-2024-00469,2024-03-07,2024-03-10,Aditya Joshi,Corporate,United States,Dallas,Minnesota,Central,Furniture,Chairs,Conference Chair,2373.58,5,0.15,83.09
US-2023-00470,2023-06-23,2023-06-28,Vikram Singh,Corporate,United States,Chicago,Oregon,West,Technology,Phones,Business Phone,487.77,8,0.15,-4.42
US-2024-00471,2024-09-22,2024-09-25,Kavya Reddy,Corporate,United States,Chicago,Minnesota,Central,Furniture,Chairs,Conference Chair,1776.91,3,0.2,-24.39
US-2023-00472,2023-09-25,2023-10-01,Rahul Verma,Corporate,United States,Boston,Massachusetts,East,Furniture,Chairs,Executive Chair,1258.07,2,0.15,247.39
US-2024-00473,2024-01-28,2024-01-30,Kavya Reddy,Corporate,United States,Denver,Georgia,South,Furniture,Bookcases,Wood Bookcase,2465.1,5,0.0,129.68
US-2023-00474,2023-11-05,2023-11-09,Vikram Singh,Corporate,United States,Boston,Massachusetts,East,Technology,Copiers,Laser Copier,505.93,5,0.3,4.72
US-2024-00475,2024-11-25,2024-11-28,Vikram Singh,Home Office,United States,Dallas,California,West,Technology,Machines,Printer,1115.25,5,0.05,234.26
US-2024-00476,2024-02-05,2024-02-09,Priya Nair,Consumer,United States,Boston,Pennsylvania,East,Technology,Machines,Desktop Computer,627.36,3,0.0,126.4
US-2023-00477,2023-04-11,2023-04-16,Priya Nair,Consumer,United States,Dallas,Arizona,West,Office Supplies,Paper,Printer Paper,848.59,5,0.0,38.77
US-2024-00478,2024-11-03,2024-11-05,Vikram Singh,Corporate,United States,Phoenix,California,West,Furniture,Tables,Meeting Table,1749.7,3,0.2,-10.11
US-2023-00479,2023-03-19,2023-03-25,Arjun Mehta,Corporate,United States,Miami,North Carolina,South,Office Supplies,Storage,Storage Box,1527.69,3,0.05,311.66
US-2023-00480,2023-03-03,2023-03-06,Priya Nair,Consumer,United States,Atlanta,Illinois,Central,Office Supplies,Binders,Ring Binder,1599.26,4,0.0,311.72
US-2024-00481,2024-03-17,2024-03-19,Kavya Reddy,Consumer,United States,Denver,Arizona,West,Technology,Machines,Laptop,54.81,1,0.15,8.06
US-2023-00482,2023-06-02,2023-06-08,Rohan Das,Home Office,United States,Denver,California,West,Technology,Copiers,Laser Copier,1372.31,3,0.1,182.4
US-2024-00483,2024-05-04,2024-05-08,Priya Nair,Home Office,United States,Atlanta,Florida,South,Technology,Accessories,Keyboard,4343.97,7,0.3,400.34
US-2024-00484,2024-01-03,2024-01-06,Vikram Singh,Home Office,United States,Houston,Colorado,Central,Furniture,Chairs,Executive Chair,357.92,6,0.1,63.53
US-2023-00485,2023-06-30,2023-07-05,Kavya Reddy,Consumer,United States,Phoenix,Arizona,West,Technology,Accessories,USB Hub,4084.69,7,0.2,471.06
US-2024-00486,2024-03-24,2024-03-30,Aditya Joshi,Corporate,United States,Denver,Pennsylvania,East,Furniture,Tables,Office Table,1288.35,4,0.0,296.65
US-2024-00487,2024-06-30,2024-07-04,Aditya Joshi,Home Office,United States,Denver,California,West,Office Supplies,Binders,Ring Binder,268.34,1,0.0,62.71
US-2024-00488,2024-11-25,2024-11-30,Meera Kapoor,Consumer,United States,Houston,Pennsylvania,East,Furniture,Chairs,Conference Chair,965.61,3,0.0,147.83
US-2024-00489,2024-12-19,2024-12-25,Priya Nair,Consumer,United States,Los Angeles,New York,East,Furniture,Chairs,Executive Chair,601.74,2,0.0,144.71
US-2024-00490,2024-05-24,2024-05-29,Rahul Verma,Corporate,United States,Houston,New York,East,Furniture,Furnishings,Wall Clock,1513.11,7,0.2,133.5
US-2023-00491,2023-02-16,2023-02-21,Rohan Das,Consumer,United States,Denver,Ohio,East,Furniture,Chairs,Executive Chair,1483.04,3,0.0,307.15
US-2023-00492,2023-09-07,2023-09-12,Rahul Verma,Consumer,United States,Portland,Washington,West,Furniture,Furnishings,Desk Lamp,572.72,1,0.0,23.78
US-2024-00493,2024-10-29,2024-11-03,Arjun Mehta,Consumer,United States,Chicago,Colorado,Central,Technology,Copiers,Color Copier,399.45,4,0.05,57.14
US-2024-00494,2024-09-17,2024-09-23,Ananya Rao,Consumer,United States,Atlanta,Washington,West,Technology,Copiers,Color Copier,1156.61,5,0.0,201.08
US-2023-00495,2023-04-08,2023-04-13,Kavya Reddy,Corporate,United States,Chicago,Illinois,Central,Office Supplies,Paper,Premium Paper,132.37,1,0.3,-7.83
US-2023-00496,2023-06-13,2023-06-19,Kavya Reddy,Consumer,United States,Los Angeles,California,West,Technology,Machines,Printer,1148.24,4,0.05,190.08
US-2023-00497,2023-02-23,2023-02-28,Meera Kapoor,Home Office,United States,Miami,Pennsylvania,East,Furniture,Furnishings,Office Mat,106.98,2,0.0,22.8
US-2024-00498,2024-03-05,2024-03-07,Arjun Mehta,Consumer,United States,Los Angeles,Illinois,Central,Furniture,Bookcases,Wood Bookcase,320.46,2,0.1,65.3
US-2024-00499,2024-04-27,2024-05-02,Neha Patel,Consumer,United States,Phoenix,Florida,South,Office Supplies,Paper,Copy Paper,978.52,8,0.05,49.16
US-2024-00500,2024-01-03,2024-01-06,Kavya Reddy,Corporate,United States,Chicago,Ohio,East,Furniture,Chairs,Conference Chair,188.15,1,0.0,45.98
US-2023-00501,2023-12-18,2023-12-20,Ananya Rao,Home Office,United States,Denver,Illinois,Central,Technology,Accessories,Mouse,544.62,2,0.15,48.97
US-2024-00502,2024-04-18,2024-04-21,Meera Kapoor,Consumer,United States,Dallas,Arizona,West,Technology,Accessories,Mouse,1720.73,6,0.0,437.13
US-2023-00503,2023-01-06,2023-01-10,Priya Nair,Corporate,United States,Denver,California,West,Office Supplies,Binders,Ring Binder,2209.84,7,0.3,159.54
US-2023-00504,2023-09-04,2023-09-05,Aditya Joshi,Corporate,United States,Chicago,Arizona,West,Furniture,Tables,Meeting Table,807.39,5,0.0,35.38
US-2024-00505,2024-12-21,2024-12-25,Kavya Reddy,Home Office,United States,Phoenix,Arizona,West,Office Supplies,Paper,Printer Paper,887.15,7,0.3,-5.41
US-2023-00506,2023-01-02,2023-01-08,Meera Kapoor,Home Office,United States,Dallas,Arizona,West,Technology,Machines,Desktop Computer,198.41,1,0.3,-6.0
US-2023-00507,2023-08-01,2023-08-07,Kavya Reddy,Home Office,United States,New York City,Oregon,West,Technology,Phones,Conference Phone,3468.49,6,0.0,457.53
US-2024-00508,2024-01-10,2024-01-13,Neha Patel,Home Office,United States,Portland,New York,East,Technology,Accessories,Mouse,967.21,6,0.0,189.35
US-2023-00509,2023-08-03,2023-08-09,Kavya Reddy,Corporate,United States,Atlanta,Ohio,East,Office Supplies,Storage,Desk Organizer,1301.49,7,0.0,168.51
US-2024-00510,2024-06-23,2024-06-24,Arjun Mehta,Consumer,United States,Seattle,North Carolina,South,Office Supplies,Storage,Desk Organizer,257.85,2,0.1,4.11
US-2023-00511,2023-03-20,2023-03-21,Aarav Sharma,Corporate,United States,Boston,Ohio,East,Furniture,Tables,Meeting Table,1709.24,3,0.15,343.57
US-2024-00512,2024-11-29,2024-12-04,Ananya Rao,Home Office,United States,Phoenix,Massachusetts,East,Office Supplies,Art,Drawing Paper,195.15,1,0.0,8.84
US-2023-00513,2023-12-10,2023-12-14,Vikram Singh,Consumer,United States,Denver,Minnesota,Central,Office Supplies,Art,Drawing Paper,1860.88,5,0.3,-39.9
US-2024-00514,2024-01-16,2024-01-19,Vikram Singh,Consumer,United States,Chicago,Washington,West,Office Supplies,Storage,Storage Box,1215.48,3,0.0,256.27
US-2024-00515,2024-12-26,2025-01-01,Rahul Verma,Consumer,United States,Atlanta,Pennsylvania,East,Furniture,Chairs,Ergonomic Office Chair,2261.07,6,0.1,130.01
US-2024-00516,2024-12-25,2024-12-26,Arjun Mehta,Corporate,United States,Chicago,Minnesota,Central,Furniture,Bookcases,Office Bookcase,1051.8,3,0.0,274.42
US-2024-00517,2024-04-14,2024-04-17,Meera Kapoor,Home Office,United States,Chicago,New York,East,Technology,Machines,Desktop Computer,1561.25,5,0.05,390.63
US-2024-00518,2024-08-01,2024-08-07,Priya Nair,Corporate,United States,New York City,North Carolina,South,Technology,Phones,Conference Phone,4687.3,8,0.0,950.22
US-2024-00519,2024-02-16,2024-02-21,Ananya Rao,Corporate,United States,Houston,Massachusetts,East,Office Supplies,Binders,Ring Binder,398.43,1,0.0,71.73
US-2023-00520,2023-01-24,2023-01-25,Aarav Sharma,Home Office,United States,Miami,Florida,South,Technology,Copiers,Color Copier,1696.0,8,0.15,161.58
US-2024-00521,2024-02-12,2024-02-14,Rohan Das,Consumer,United States,Houston,North Carolina,South,Office Supplies,Storage,File Cabinet,1147.19,5,0.05,289.21
US-2024-00522,2024-03-30,2024-04-05,Meera Kapoor,Home Office,United States,Los Angeles,Virginia,South,Office Supplies,Paper,Printer Paper,3330.35,7,0.1,94.9
US-2023-00523,2023-05-28,2023-05-30,Vikram Singh,Corporate,United States,Chicago,Colorado,Central,Technology,Machines,Laptop,453.49,7,0.1,67.26
US-2024-00524,2024-07-23,2024-07-27,Meera Kapoor,Corporate,United States,Denver,Pennsylvania,East,Furniture,Furnishings,Wall Clock,280.91,8,0.3,-6.33
US-2024-00525,2024-07-26,2024-08-01,Kavya Reddy,Consumer,United States,Phoenix,Georgia,South,Furniture,Chairs,Ergonomic Office Chair,1003.54,5,0.2,150.75
US-2024-00526,2024-11-12,2024-11-15,Priya Nair,Home Office,United States,Portland,Georgia,South,Office Supplies,Paper,Copy Paper,997.9,2,0.1,233.15
US-2024-00527,2024-01-06,2024-01-11,Vikram Singh,Consumer,United States,Dallas,Virginia,South,Office Supplies,Art,Whiteboard Markers,495.19,2,0.2,43.61
US-2023-00528,2023-03-01,2023-03-03,Sneha Iyer,Consumer,United States,Seattle,Colorado,Central,Technology,Accessories,USB Hub,125.86,3,0.05,14.87
US-2023-00529,2023-10-26,2023-10-31,Aditya Joshi,Corporate,United States,Seattle,Washington,West,Technology,Accessories,Keyboard,1071.19,3,0.3,-20.47
US-2024-00530,2024-12-02,2024-12-08,Kavya Reddy,Corporate,United States,Miami,Texas,Central,Technology,Machines,Laptop,95.92,1,0.05,10.27
US-2023-00531,2023-06-16,2023-06-17,Rahul Verma,Consumer,United States,Denver,Pennsylvania,East,Technology,Accessories,Mouse,551.87,2,0.0,37.51
US-2023-00532,2023-12-23,2023-12-26,Rahul Verma,Home Office,United States,Chicago,Illinois,Central,Office Supplies,Storage,File Cabinet,132.32,5,0.3,-8.8
US-2024-00533,2024-12-05,2024-12-07,Aarav Sharma,Corporate,United States,Boston,Illinois,Central,Furniture,Tables,Office Table,3160.54,7,0.3,-215.51
US-2023-00534,2023-02-13,2023-02-15,Aditya Joshi,Consumer,United States,Los Angeles,California,West,Technology,Phones,Business Phone,1182.55,2,0.0,66.1
US-2023-00535,2023-05-07,2023-05-12,Meera Kapoor,Corporate,United States,Miami,Pennsylvania,East,Furniture,Bookcases,Wood Bookcase,202.9,2,0.2,35.72
US-2023-00536,2023-06-14,2023-06-19,Rohan Das,Consumer,United States,Portland,New York,East,Furniture,Chairs,Conference Chair,1870.2,4,0.05,109.83
US-2023-00537,2023-04-12,2023-04-14,Arjun Mehta,Consumer,United States,Atlanta,North Carolina,South,Technology,Accessories,Headset,248.21,2,0.05,62.8
US-2023-00538,2023-08-22,2023-08-26,Rohan Das,Home Office,United States,New York City,Oregon,West,Furniture,Furnishings,Desk Lamp,978.94,3,0.05,182.7
US-2023-00539,2023-03-26,2023-03-29,Rohan Das,Corporate,United States,Seattle,Florida,South,Office Supplies,Storage,Storage Box,2245.42,5,0.3,25.93
US-2024-00540,2024-03-14,2024-03-16,Arjun Mehta,Corporate,United States,Atlanta,Arizona,West,Technology,Machines,Laptop,649.18,1,0.1,101.47
US-2024-00541,2024-11-05,2024-11-11,Ananya Rao,Corporate,United States,Houston,California,West,Furniture,Furnishings,Wall Clock,968.0,2,0.0,53.75
US-2024-00542,2024-09-01,2024-09-05,Arjun Mehta,Corporate,United States,Denver,Washington,West,Office Supplies,Art,Drawing Paper,2467.73,5,0.3,146.88
US-2024-00543,2024-11-13,2024-11-18,Ananya Rao,Home Office,United States,Chicago,Virginia,South,Technology,Machines,Laptop,618.88,8,0.05,83.51
US-2023-00544,2023-01-31,2023-02-01,Meera Kapoor,Home Office,United States,Los Angeles,California,West,Office Supplies,Binders,Premium Binder,2773.0,7,0.05,150.18
US-2023-00545,2023-03-20,2023-03-26,Rohan Das,Home Office,United States,New York City,Virginia,South,Furniture,Bookcases,Office Bookcase,2656.63,8,0.15,146.03
US-2023-00546,2023-02-02,2023-02-06,Aditya Joshi,Corporate,United States,Portland,Arizona,West,Office Supplies,Storage,Storage Box,2424.79,8,0.0,199.92
US-2023-00547,2023-06-18,2023-06-22,Aditya Joshi,Home Office,United States,Dallas,Georgia,South,Office Supplies,Art,Drawing Paper,746.41,2,0.1,114.51
US-2024-00548,2024-04-26,2024-04-30,Vikram Singh,Corporate,United States,New York City,New York,East,Office Supplies,Storage,Storage Box,2828.53,7,0.05,569.82
US-2023-00549,2023-01-29,2023-02-03,Priya Nair,Corporate,United States,Miami,Washington,West,Office Supplies,Storage,Desk Organizer,499.25,1,0.2,15.93
US-2024-00550,2024-01-01,2024-01-05,Neha Patel,Consumer,United States,Seattle,Texas,Central,Technology,Accessories,Mouse,1696.28,4,0.15,-12.07
US-2023-00551,2023-04-28,2023-05-01,Arjun Mehta,Corporate,United States,New York City,New York,East,Technology,Machines,Laptop,3442.3,8,0.1,452.08
US-2024-00552,2024-12-13,2024-12-17,Ananya Rao,Corporate,United States,Denver,Oregon,West,Office Supplies,Art,Drawing Paper,1053.89,2,0.0,216.9
US-2024-00553,2024-05-29,2024-06-04,Priya Nair,Home Office,United States,Houston,Illinois,Central,Technology,Machines,Printer,962.7,7,0.2,147.64
US-2023-00554,2023-10-22,2023-10-25,Sneha Iyer,Corporate,United States,Los Angeles,Oregon,West,Technology,Copiers,Color Copier,937.54,2,0.15,-4.47
US-2024-00555,2024-08-03,2024-08-08,Rohan Das,Corporate,United States,Houston,Virginia,South,Furniture,Bookcases,Wood Bookcase,1659.89,5,0.05,201.51
US-2024-00556,2024-02-29,2024-03-04,Neha Patel,Corporate,United States,Seattle,Colorado,Central,Technology,Accessories,Keyboard,1135.0,3,0.0,225.4
US-2024-00557,2024-10-15,2024-10-20,Vikram Singh,Corporate,United States,Boston,Florida,South,Technology,Accessories,USB Hub,822.81,8,0.0,180.31
US-2023-00558,2023-11-23,2023-11-24,Ananya Rao,Consumer,United States,Chicago,Massachusetts,East,Office Supplies,Storage,Desk Organizer,517.92,3,0.15,15.11
US-2023-00559,2023-07-16,2023-07-17,Vikram Singh,Consumer,United States,New York City,Ohio,East,Office Supplies,Art,Whiteboard Markers,1952.55,7,0.0,172.76
US-2023-00560,2023-09-22,2023-09-25,Vikram Singh,Consumer,United States,Boston,New York,East,Technology,Copiers,Color Copier,559.85,1,0.0,64.57
US-2024-00561,2024-01-08,2024-01-14,Rohan Das,Home Office,United States,Dallas,Arizona,West,Technology,Accessories,Mouse,749.13,2,0.15,147.13
US-2024-00562,2024-06-21,2024-06-24,Neha Patel,Home Office,United States,Houston,Florida,South,Furniture,Chairs,Executive Chair,3254.15,6,0.2,141.84
US-2024-00563,2024-03-09,2024-03-11,Kavya Reddy,Home Office,United States,Miami,New York,East,Furniture,Tables,Meeting Table,2161.42,8,0.3,100.45
US-2024-00564,2024-12-17,2024-12-18,Vikram Singh,Consumer,United States,Phoenix,Colorado,Central,Office Supplies,Paper,Premium Paper,723.13,3,0.2,27.67
US-2024-00565,2024-09-12,2024-09-13,Ananya Rao,Corporate,United States,Boston,Washington,West,Office Supplies,Art,Drawing Paper,3526.96,6,0.2,-73.03
US-2023-00566,2023-01-09,2023-01-13,Aditya Joshi,Corporate,United States,Phoenix,Minnesota,Central,Furniture,Tables,Meeting Table,2238.98,4,0.0,581.72
US-2024-00567,2024-02-21,2024-02-22,Priya Nair,Consumer,United States,Portland,Texas,Central,Office Supplies,Art,Whiteboard Markers,4219.68,7,0.05,800.36
US-2023-00568,2023-09-25,2023-09-30,Aditya Joshi,Corporate,United States,Phoenix,Oregon,West,Office Supplies,Storage,Storage Box,497.19,1,0.2,51.7
US-2023-00569,2023-05-20,2023-05-21,Aditya Joshi,Consumer,United States,Dallas,Georgia,South,Technology,Machines,Printer,158.3,2,0.0,25.95
US-2024-00570,2024-12-03,2024-12-07,Vikram Singh,Consumer,United States,Los Angeles,Colorado,Central,Office Supplies,Paper,Premium Paper,1348.06,3,0.3,-22.08
US-2024-00571,2024-02-29,2024-03-03,Ananya Rao,Consumer,United States,Denver,Massachusetts,East,Office Supplies,Paper,Copy Paper,600.64,1,0.2,58.19
US-2023-00572,2023-07-23,2023-07-26,Meera Kapoor,Consumer,United States,New York City,New York,East,Office Supplies,Art,Whiteboard Markers,519.1,5,0.05,30.28
US-2024-00573,2024-06-22,2024-06-26,Vikram Singh,Corporate,United States,Portland,Virginia,South,Furniture,Tables,Computer Table,521.32,4,0.3,52.25
US-2024-00574,2024-05-21,2024-05-25,Aarav Sharma,Corporate,United States,Seattle,Massachusetts,East,Furniture,Tables,Meeting Table,1106.27,4,0.1,204.87
US-2023-00575,2023-08-30,2023-09-04,Neha Patel,Corporate,United States,Phoenix,Georgia,South,Office Supplies,Art,Sketch Pens,309.02,1,0.3,-5.38
US-2023-00576,2023-08-06,2023-08-12,Ananya Rao,Corporate,United States,Miami,Virginia,South,Technology,Machines,Laptop,731.19,2,0.0,87.66
US-2024-00577,2024-09-12,2024-09-18,Rohan Das,Consumer,United States,Dallas,California,West,Office Supplies,Art,Drawing Paper,3072.65,7,0.0,836.79
US-2023-00578,2023-07-03,2023-07-06,Vikram Singh,Consumer,United States,Miami,Massachusetts,East,Office Supplies,Art,Sketch Pens,423.44,2,0.15,32.35
US-2023-00579,2023-02-15,2023-02-17,Vikram Singh,Home Office,United States,Miami,North Carolina,South,Technology,Machines,Printer,2937.96,5,0.05,483.6
US-2024-00580,2024-03-22,2024-03-24,Kavya Reddy,Corporate,United States,Chicago,Colorado,Central,Furniture,Furnishings,Desk Lamp,413.66,4,0.0,34.73
US-2024-00581,2024-12-23,2024-12-27,Kavya Reddy,Consumer,United States,Portland,Florida,South,Office Supplies,Binders,Ring Binder,3856.93,6,0.15,343.07
US-2023-00582,2023-06-01,2023-06-02,Aditya Joshi,Home Office,United States,Houston,Texas,Central,Furniture,Bookcases,Wood Bookcase,1468.38,3,0.3,-43.36
US-2024-00583,2024-08-20,2024-08-21,Aditya Joshi,Consumer,United States,Boston,Massachusetts,East,Furniture,Tables,Meeting Table,1155.38,2,0.0,125.04
US-2024-00584,2024-01-18,2024-01-23,Aditya Joshi,Corporate,United States,Dallas,Oregon,West,Furniture,Chairs,Ergonomic Office Chair,4330.47,8,0.2,282.2
US-2024-00585,2024-11-04,2024-11-05,Vikram Singh,Corporate,United States,New York City,Texas,Central,Technology,Copiers,Laser Copier,431.09,3,0.0,100.17
US-2023-00586,2023-03-14,2023-03-19,Aarav Sharma,Consumer,United States,Chicago,Florida,South,Office Supplies,Storage,File Cabinet,2510.25,4,0.3,1.86
US-2024-00587,2024-02-02,2024-02-06,Meera Kapoor,Consumer,United States,Miami,Illinois,Central,Furniture,Bookcases,Office Bookcase,3363.09,7,0.05,788.3
US-2024-00588,2024-11-12,2024-11-13,Arjun Mehta,Corporate,United States,Dallas,Illinois,Central,Office Supplies,Art,Drawing Paper,1442.91,8,0.15,106.83
US-2023-00589,2023-07-10,2023-07-14,Kavya Reddy,Home Office,United States,Phoenix,Florida,South,Furniture,Bookcases,Office Bookcase,1695.06,4,0.2,-21.67
US-2024-00590,2024-10-24,2024-10-29,Vikram Singh,Consumer,United States,Atlanta,Oregon,West,Office Supplies,Art,Sketch Pens,1606.82,8,0.0,328.17
US-2024-00591,2024-03-13,2024-03-16,Meera Kapoor,Corporate,United States,Miami,California,West,Furniture,Chairs,Conference Chair,1912.11,7,0.1,293.71
US-2023-00592,2023-09-18,2023-09-23,Neha Patel,Corporate,United States,Miami,California,West,Furniture,Furnishings,Desk Lamp,1647.44,3,0.0,98.83
US-2024-00593,2024-08-24,2024-08-30,Meera Kapoor,Corporate,United States,Phoenix,Virginia,South,Technology,Machines,Printer,430.52,3,0.0,94.41
US-2023-00594,2023-04-19,2023-04-23,Aditya Joshi,Home Office,United States,Dallas,California,West,Office Supplies,Binders,Premium Binder,1287.07,3,0.1,207.26
US-2024-00595,2024-05-13,2024-05-16,Neha Patel,Consumer,United States,New York City,Colorado,Central,Office Supplies,Binders,Premium Binder,50.73,3,0.0,11.96
US-2023-00596,2023-08-03,2023-08-07,Aarav Sharma,Consumer,United States,Chicago,Pennsylvania,East,Office Supplies,Paper,Copy Paper,2510.8,5,0.0,386.05
US-2023-00597,2023-06-06,2023-06-12,Arjun Mehta,Consumer,United States,Miami,Virginia,South,Office Supplies,Binders,Ring Binder,549.04,4,0.15,94.2
US-2023-00598,2023-01-09,2023-01-10,Meera Kapoor,Home Office,United States,Denver,Virginia,South,Office Supplies,Storage,File Cabinet,2116.76,8,0.15,242.05
US-2023-00599,2023-08-26,2023-09-01,Kavya Reddy,Consumer,United States,Denver,California,West,Office Supplies,Storage,Desk Organizer,359.92,2,0.2,18.04
US-2024-00600,2024-09-29,2024-10-05,Kavya Reddy,Consumer,United States,Atlanta,Colorado,Central,Technology,Copiers,Color Copier,578.71,3,0.0,88.32
US-2023-00601,2023-08-13,2023-08-18,Sneha Iyer,Corporate,United States,Chicago,Colorado,Central,Furniture,Bookcases,Office Bookcase,3799.86,7,0.2,405.07
US-2024-00602,2024-09-28,2024-09-30,Arjun Mehta,Corporate,United States,Seattle,Texas,Central,Technology,Copiers,Color Copier,408.21,3,0.15,36.99
US-2023-00603,2023-08-29,2023-08-31,Aarav Sharma,Consumer,United States,Miami,California,West,Office Supplies,Storage,Storage Box,360.5,3,0.3,43.14
US-2024-00604,2024-03-16,2024-03-17,Aarav Sharma,Home Office,United States,Seattle,New York,East,Technology,Accessories,Headset,3229.66,5,0.3,-31.46
US-2023-00605,2023-06-04,2023-06-10,Priya Nair,Home Office,United States,New York City,California,West,Office Supplies,Art,Sketch Pens,1019.64,2,0.15,163.36
US-2024-00606,2024-06-03,2024-06-04,Neha Patel,Consumer,United States,Chicago,New York,East,Furniture,Bookcases,Wood Bookcase,2313.2,5,0.3,61.1
US-2024-00607,2024-10-24,2024-10-27,Kavya Reddy,Corporate,United States,Seattle,Illinois,Central,Furniture,Tables,Meeting Table,3512.87,7,0.0,347.34
US-2024-00608,2024-06-01,2024-06-03,Ananya Rao,Consumer,United States,Boston,Oregon,West,Office Supplies,Art,Drawing Paper,421.34,4,0.3,13.53
US-2024-00609,2024-02-28,2024-03-03,Priya Nair,Corporate,United States,Miami,North Carolina,South,Furniture,Furnishings,Desk Lamp,468.72,1,0.15,93.26
US-2024-00610,2024-02-16,2024-02-18,Neha Patel,Home Office,United States,Atlanta,Florida,South,Office Supplies,Binders,Presentation Binder,1762.24,3,0.0,484.01
US-2023-00611,2023-10-30,2023-11-03,Rahul Verma,Home Office,United States,Boston,North Carolina,South,Technology,Machines,Printer,538.94,1,0.15,64.13
US-2024-00612,2024-04-01,2024-04-07,Rohan Das,Corporate,United States,Boston,Massachusetts,East,Technology,Machines,Desktop Computer,3540.65,7,0.05,133.58
US-2023-00613,2023-05-10,2023-05-15,Vikram Singh,Consumer,United States,Seattle,Illinois,Central,Furniture,Bookcases,Office Bookcase,69.11,3,0.3,2.39
US-2024-00614,2024-03-08,2024-03-13,Priya Nair,Corporate,United States,Seattle,California,West,Office Supplies,Storage,Desk Organizer,524.93,6,0.3,32.14
US-2024-00615,2024-08-09,2024-08-15,Neha Patel,Home Office,United States,Phoenix,Arizona,West,Office Supplies,Paper,Printer Paper,931.67,4,0.05,165.43
US-2023-00616,2023-05-24,2023-05-30,Arjun Mehta,Consumer,United States,Los Angeles,Georgia,South,Furniture,Bookcases,Wood Bookcase,1798.0,6,0.0,379.01
US-2023-00617,2023-03-05,2023-03-09,Rohan Das,Corporate,United States,Seattle,Massachusetts,East,Furniture,Furnishings,Desk Lamp,2655.12,6,0.1,361.57
US-2024-00618,2024-08-21,2024-08-25,Kavya Reddy,Consumer,United States,Portland,Virginia,South,Technology,Copiers,Laser Copier,302.01,3,0.0,47.22
US-2024-00619,2024-06-09,2024-06-14,Priya Nair,Home Office,United States,Boston,Washington,West,Office Supplies,Art,Sketch Pens,1842.28,3,0.05,439.77
US-2023-00620,2023-04-23,2023-04-24,Kavya Reddy,Consumer,United States,Chicago,Minnesota,Central,Furniture,Tables,Office Table,1222.57,6,0.05,110.38
US-2023-00621,2023-05-26,2023-05-31,Rohan Das,Corporate,United States,Los Angeles,Florida,South,Office Supplies,Storage,File Cabinet,1601.63,3,0.1,-7.21
US-2023-00622,2023-02-15,2023-02-19,Rahul Verma,Consumer,United States,Atlanta,North Carolina,South,Technology,Copiers,Laser Copier,2191.67,7,0.2,328.93
US-2024-00623,2024-10-13,2024-10-17,Aarav Sharma,Home Office,United States,Denver,Virginia,South,Furniture,Bookcases,Wood Bookcase,1796.23,7,0.1,137.16
US-2023-00624,2023-10-12,2023-10-18,Priya Nair,Consumer,United States,Dallas,Washington,West,Technology,Phones,Conference Phone,1840.95,5,0.0,358.14
US-2024-00625,2024-07-08,2024-07-13,Ananya Rao,Home Office,United States,Dallas,Washington,West,Office Supplies,Binders,Premium Binder,1877.54,3,0.05,387.38
US-2024-00626,2024-03-30,2024-03-31,Rohan Das,Corporate,United States,Boston,Colorado,Central,Technology,Phones,Business Phone,226.25,1,0.0,31.58
US-2023-00627,2023-09-21,2023-09-22,Vikram Singh,Corporate,United States,Phoenix,California,West,Technology,Accessories,USB Hub,375.82,3,0.3,-27.62
US-2023-00628,2023-06-23,2023-06-24,Sneha Iyer,Corporate,United States,Boston,Illinois,Central,Furniture,Chairs,Executive Chair,499.76,7,0.0,69.51
US-2023-00629,2023-05-04,2023-05-05,Kavya Reddy,Home Office,United States,Boston,Pennsylvania,East,Technology,Accessories,Headset,4322.41,7,0.05,138.54
US-2023-00630,2023-03-09,2023-03-13,Ananya Rao,Home Office,United States,Phoenix,Arizona,West,Technology,Accessories,Keyboard,1818.58,5,0.15,244.64
US-2023-00631,2023-05-09,2023-05-12,Rohan Das,Corporate,United States,Atlanta,Virginia,South,Furniture,Tables,Office Table,2129.77,6,0.0,484.92
US-2024-00632,2024-04-07,2024-04-08,Vikram Singh,Home Office,United States,Boston,Arizona,West,Technology,Machines,Desktop Computer,25.05,3,0.1,1.52
US-2023-00633,2023-12-26,2024-01-01,Rahul Verma,Home Office,United States,Atlanta,Ohio,East,Furniture,Tables,Computer Table,402.02,2,0.1,65.38
US-2023-00634,2023-10-14,2023-10-18,Ananya Rao,Home Office,United States,Miami,Ohio,East,Technology,Machines,Desktop Computer,3184.65,5,0.2,186.79
US-2023-00635,2023-12-16,2023-12-18,Aditya Joshi,Consumer,United States,Boston,North Carolina,South,Furniture,Tables,Computer Table,398.84,1,0.0,102.24
US-2024-00636,2024-07-23,2024-07-29,Kavya Reddy,Home Office,United States,Los Angeles,Virginia,South,Technology,Phones,Conference Phone,707.63,2,0.3,71.37
US-2023-00637,2023-12-28,2024-01-01,Ananya Rao,Home Office,United States,New York City,Colorado,Central,Furniture,Chairs,Ergonomic Office Chair,1966.79,8,0.0,288.53
US-2023-00638,2023-10-15,2023-10-21,Kavya Reddy,Home Office,United States,Portland,Illinois,Central,Furniture,Bookcases,Wood Bookcase,2548.95,4,0.05,67.12
US-2024-00639,2024-09-12,2024-09-14,Ananya Rao,Home Office,United States,Portland,Washington,West,Technology,Copiers,Color Copier,1866.82,5,0.1,67.05
US-2024-00640,2024-08-02,2024-08-08,Rohan Das,Home Office,United States,Seattle,New York,East,Technology,Accessories,Keyboard,524.04,3,0.15,93.18
US-2023-00641,2023-07-16,2023-07-22,Sneha Iyer,Corporate,United States,Boston,Oregon,West,Technology,Copiers,Color Copier,2936.5,7,0.2,-110.27
US-2023-00642,2023-10-08,2023-10-09,Sneha Iyer,Consumer,United States,Boston,Virginia,South,Office Supplies,Binders,Presentation Binder,152.61,4,0.1,18.74
US-2023-00643,2023-07-19,2023-07-22,Vikram Singh,Consumer,United States,Phoenix,California,West,Technology,Accessories,Headset,1193.42,2,0.0,94.85
US-2024-00644,2024-10-02,2024-10-03,Ananya Rao,Corporate,United States,New York City,Arizona,West,Office Supplies,Binders,Presentation Binder,3285.64,6,0.0,216.46
US-2023-00645,2023-12-08,2023-12-13,Aarav Sharma,Corporate,United States,Miami,New York,East,Technology,Copiers,Color Copier,3037.41,8,0.0,831.9
US-2024-00646,2024-12-11,2024-12-12,Aarav Sharma,Corporate,United States,Boston,New York,East,Office Supplies,Binders,Ring Binder,351.66,7,0.2,-12.87
US-2024-00647,2024-02-16,2024-02-17,Meera Kapoor,Consumer,United States,Miami,Georgia,South,Technology,Phones,Business Phone,2142.16,7,0.1,441.68
US-2024-00648,2024-10-28,2024-11-03,Priya Nair,Home Office,United States,Houston,Arizona,West,Technology,Machines,Desktop Computer,309.36,4,0.0,56.56
US-2024-00649,2024-08-09,2024-08-11,Aarav Sharma,Consumer,United States,Seattle,Minnesota,Central,Office Supplies,Art,Whiteboard Markers,1018.9,8,0.0,235.66
US-2024-00650,2024-08-21,2024-08-25,Aarav Sharma,Home Office,United States,Dallas,Minnesota,Central,Technology,Accessories,Mouse,1649.35,8,0.05,144.08
US-2024-00651,2024-11-04,2024-11-10,Ananya Rao,Consumer,United States,Miami,New York,East,Furniture,Chairs,Executive Chair,800.71,6,0.0,155.12
US-2023-00652,2023-07-13,2023-07-19,Priya Nair,Corporate,United States,New York City,Virginia,South,Technology,Machines,Desktop Computer,2421.23,6,0.1,178.85
US-2024-00653,2024-05-22,2024-05-24,Sneha Iyer,Home Office,United States,Boston,Washington,West,Technology,Accessories,Headset,645.8,4,0.2,86.8
US-2023-00654,2023-07-30,2023-08-03,Kavya Reddy,Consumer,United States,Phoenix,New York,East,Office Supplies,Binders,Premium Binder,163.63,6,0.0,12.14
US-2024-00655,2024-08-22,2024-08-25,Sneha Iyer,Home Office,United States,Houston,California,West,Furniture,Tables,Meeting Table,445.69,3,0.05,84.69
US-2023-00656,2023-07-02,2023-07-04,Sneha Iyer,Consumer,United States,Seattle,Washington,West,Office Supplies,Binders,Premium Binder,753.81,3,0.3,88.5
US-2024-00657,2024-04-12,2024-04-14,Ananya Rao,Home Office,United States,Boston,Minnesota,Central,Technology,Accessories,Headset,168.15,2,0.0,38.8
US-2024-00658,2024-12-12,2024-12-15,Sneha Iyer,Consumer,United States,New York City,Colorado,Central,Technology,Accessories,Keyboard,2226.19,4,0.05,460.82
US-2024-00659,2024-10-06,2024-10-09,Aditya Joshi,Home Office,United States,Miami,Massachusetts,East,Furniture,Chairs,Executive Chair,230.98,2,0.1,40.49
US-2024-00660,2024-05-25,2024-05-30,Meera Kapoor,Corporate,United States,Phoenix,Georgia,South,Office Supplies,Storage,Desk Organizer,3739.58,8,0.1,406.5
US-2024-00661,2024-08-20,2024-08-26,Arjun Mehta,Home Office,United States,Chicago,Washington,West,Furniture,Tables,Meeting Table,1048.67,4,0.05,125.32
US-2024-00662,2024-01-19,2024-01-22,Meera Kapoor,Corporate,United States,Boston,Washington,West,Furniture,Bookcases,Office Bookcase,934.64,6,0.0,141.75
US-2024-00663,2024-04-06,2024-04-10,Vikram Singh,Home Office,United States,Los Angeles,Virginia,South,Office Supplies,Art,Drawing Paper,1267.41,5,0.0,185.05
US-2024-00664,2024-01-03,2024-01-04,Sneha Iyer,Consumer,United States,Phoenix,Texas,Central,Office Supplies,Paper,Copy Paper,107.61,2,0.0,18.41
US-2023-00665,2023-12-04,2023-12-07,Sneha Iyer,Corporate,United States,Boston,Minnesota,Central,Furniture,Tables,Computer Table,67.39,5,0.05,5.74
US-2024-00666,2024-08-16,2024-08-22,Ananya Rao,Home Office,United States,Dallas,Arizona,West,Technology,Accessories,Headset,614.75,4,0.2,0.23
US-2024-00667,2024-07-19,2024-07-23,Kavya Reddy,Corporate,United States,Atlanta,North Carolina,South,Furniture,Bookcases,Wood Bookcase,3516.97,7,0.2,176.71
US-2023-00668,2023-01-31,2023-02-03,Arjun Mehta,Home Office,United States,Atlanta,Pennsylvania,East,Office Supplies,Binders,Ring Binder,1357.0,6,0.1,131.86
US-2023-00669,2023-11-03,2023-11-06,Priya Nair,Home Office,United States,Boston,California,West,Furniture,Tables,Meeting Table,4460.89,7,0.0,1194.12
US-2023-00670,2023-07-12,2023-07-16,Aarav Sharma,Home Office,United States,Dallas,Oregon,West,Technology,Copiers,Laser Copier,236.11,2,0.2,19.53
US-2024-00671,2024-05-15,2024-05-16,Kavya Reddy,Consumer,United States,Miami,Pennsylvania,East,Furniture,Furnishings,Wall Clock,630.45,4,0.2,47.82
US-2024-00672,2024-06-14,2024-06-15,Priya Nair,Corporate,United States,Houston,Ohio,East,Office Supplies,Art,Sketch Pens,181.81,2,0.1,19.96
US-2023-00673,2023-05-14,2023-05-16,Kavya Reddy,Corporate,United States,Houston,Colorado,Central,Technology,Copiers,Color Copier,1925.85,5,0.15,278.33
US-2023-00674,2023-01-08,2023-01-10,Meera Kapoor,Consumer,United States,Portland,Florida,South,Office Supplies,Paper,Printer Paper,3554.49,6,0.1,374.82
US-2023-00675,2023-04-04,2023-04-07,Neha Patel,Corporate,United States,Denver,North Carolina,South,Technology,Machines,Printer,823.39,3,0.0,210.78
US-2024-00676,2024-01-29,2024-02-04,Aditya Joshi,Consumer,United States,Portland,New York,East,Office Supplies,Binders,Premium Binder,551.29,3,0.2,43.58
US-2023-00677,2023-08-11,2023-08-15,Rohan Das,Consumer,United States,Denver,Florida,South,Office Supplies,Binders,Premium Binder,1627.69,6,0.0,163.85
US-2023-00678,2023-01-28,2023-01-29,Rahul Verma,Corporate,United States,Phoenix,Virginia,South,Office Supplies,Art,Sketch Pens,225.76,7,0.05,10.16
US-2024-00679,2024-04-20,2024-04-24,Rahul Verma,Consumer,United States,New York City,Florida,South,Furniture,Tables,Computer Table,784.35,8,0.3,-21.97
US-2024-00680,2024-09-13,2024-09-14,Rahul Verma,Corporate,United States,Miami,Ohio,East,Furniture,Furnishings,Desk Lamp,878.07,2,0.0,177.87
US-2023-00681,2023-07-02,2023-07-04,Meera Kapoor,Consumer,United States,New York City,Washington,West,Office Supplies,Binders,Presentation Binder,517.55,2,0.05,64.21
US-2024-00682,2024-01-22,2024-01-24,Ananya Rao,Home Office,United States,Phoenix,Ohio,East,Furniture,Tables,Office Table,278.72,1,0.0,33.7
US-2023-00683,2023-03-06,2023-03-08,Rohan Das,Home Office,United States,Houston,Washington,West,Technology,Accessories,Keyboard,2359.18,7,0.3,-38.89
US-2024-00684,2024-10-01,2024-10-03,Aditya Joshi,Corporate,United States,New York City,Virginia,South,Furniture,Tables,Office Table,473.84,2,0.0,20.66
US-2024-00685,2024-02-03,2024-02-05,Meera Kapoor,Corporate,United States,Los Angeles,Georgia,South,Furniture,Bookcases,Office Bookcase,51.23,1,0.0,7.1
US-2024-00686,2024-12-30,2025-01-04,Neha Patel,Corporate,United States,Phoenix,Ohio,East,Furniture,Bookcases,Office Bookcase,663.52,3,0.2,88.12
US-2024-00687,2024-05-08,2024-05-09,Ananya Rao,Consumer,United States,Dallas,Texas,Central,Technology,Copiers,Laser Copier,1324.78,4,0.2,248.01
US-2023-00688,2023-05-08,2023-05-11,Arjun Mehta,Consumer,United States,Phoenix,Massachusetts,East,Furniture,Chairs,Ergonomic Office Chair,745.33,3,0.05,49.18
US-2023-00689,2023-02-08,2023-02-10,Vikram Singh,Consumer,United States,Houston,North Carolina,South,Furniture,Bookcases,Office Bookcase,342.4,1,0.1,51.54
US-2023-00690,2023-12-06,2023-12-09,Meera Kapoor,Corporate,United States,Atlanta,Pennsylvania,East,Technology,Phones,Conference Phone,2090.13,4,0.2,256.42
US-2023-00691,2023-11-26,2023-11-28,Rahul Verma,Consumer,United States,Chicago,Florida,South,Furniture,Furnishings,Desk Lamp,165.81,4,0.0,43.97
US-2024-00692,2024-08-29,2024-09-03,Arjun Mehta,Consumer,United States,Dallas,Pennsylvania,East,Technology,Phones,Business Phone,1663.67,8,0.2,-4.31
US-2023-00693,2023-09-12,2023-09-15,Rahul Verma,Corporate,United States,Denver,Colorado,Central,Technology,Accessories,USB Hub,474.96,8,0.05,53.71
US-2024-00694,2024-03-08,2024-03-13,Vikram Singh,Home Office,United States,Atlanta,Georgia,South,Office Supplies,Binders,Ring Binder,3894.07,7,0.3,477.22
US-2023-00695,2023-06-06,2023-06-11,Priya Nair,Corporate,United States,Chicago,Ohio,East,Office Supplies,Art,Drawing Paper,1518.65,8,0.15,179.12
US-2024-00696,2024-04-25,2024-04-27,Neha Patel,Corporate,United States,Boston,Pennsylvania,East,Furniture,Chairs,Conference Chair,1941.08,6,0.1,428.34
US-2024-00697,2024-05-16,2024-05-19,Neha Patel,Corporate,United States,Atlanta,Arizona,West,Furniture,Chairs,Executive Chair,398.08,3,0.1,89.45
US-2024-00698,2024-12-27,2024-12-31,Sneha Iyer,Home Office,United States,Portland,Texas,Central,Technology,Copiers,Laser Copier,654.36,4,0.0,170.89
US-2024-00699,2024-11-23,2024-11-24,Rahul Verma,Consumer,United States,Los Angeles,Ohio,East,Technology,Copiers,Color Copier,834.2,5,0.15,167.61
US-2023-00700,2023-04-05,2023-04-11,Vikram Singh,Home Office,United States,Seattle,Virginia,South,Technology,Phones,Conference Phone,2281.58,4,0.0,545.62
US-2024-00701,2024-05-27,2024-06-01,Rahul Verma,Corporate,United States,Portland,North Carolina,South,Technology,Copiers,Color Copier,832.86,2,0.3,80.29
US-2023-00702,2023-08-03,2023-08-09,Rohan Das,Corporate,United States,Phoenix,North Carolina,South,Furniture,Tables,Meeting Table,70.19,1,0.3,5.06
US-2023-00703,2023-10-23,2023-10-29,Priya Nair,Corporate,United States,Dallas,Georgia,South,Furniture,Bookcases,Wood Bookcase,405.39,3,0.0,65.12
US-2023-00704,2023-08-06,2023-08-08,Aditya Joshi,Home Office,United States,Los Angeles,New York,East,Technology,Accessories,Mouse,3195.26,5,0.3,9.94
US-2024-00705,2024-10-13,2024-10-15,Kavya Reddy,Corporate,United States,Phoenix,Oregon,West,Furniture,Furnishings,Desk Lamp,246.28,5,0.0,44.47
US-2023-00706,2023-04-14,2023-04-15,Rohan Das,Corporate,United States,Denver,Oregon,West,Furniture,Chairs,Ergonomic Office Chair,1373.36,4,0.0,178.76
US-2024-00707,2024-04-29,2024-05-02,Meera Kapoor,Consumer,United States,Miami,North Carolina,South,Office Supplies,Storage,Storage Box,2448.47,4,0.2,111.73
US-2023-00708,2023-12-05,2023-12-06,Neha Patel,Consumer,United States,Miami,Arizona,West,Technology,Copiers,Color Copier,394.43,1,0.3,12.76
US-2024-00709,2024-04-07,2024-04-12,Neha Patel,Corporate,United States,Phoenix,Virginia,South,Technology,Accessories,Keyboard,112.06,6,0.05,25.45
US-2024-00710,2024-03-30,2024-04-01,Neha Patel,Consumer,United States,Portland,Virginia,South,Technology,Phones,Business Phone,4276.25,7,0.1,991.44
US-2024-00711,2024-01-30,2024-02-02,Rohan Das,Corporate,United States,Chicago,Pennsylvania,East,Technology,Phones,Smartphone,4156.47,8,0.05,903.06
US-2024-00712,2024-04-01,2024-04-02,Sneha Iyer,Corporate,United States,Seattle,Georgia,South,Furniture,Tables,Office Table,151.42,2,0.2,-6.51
US-2023-00713,2023-08-14,2023-08-20,Priya Nair,Home Office,United States,Miami,Colorado,Central,Technology,Phones,Conference Phone,1801.19,3,0.2,223.53
US-2023-00714,2023-08-18,2023-08-23,Vikram Singh,Consumer,United States,Los Angeles,Oregon,West,Office Supplies,Art,Whiteboard Markers,3689.16,7,0.0,376.97
US-2023-00715,2023-04-02,2023-04-05,Vikram Singh,Consumer,United States,Dallas,New York,East,Technology,Machines,Laptop,3723.07,6,0.15,556.08
US-2024-00716,2024-07-02,2024-07-04,Priya Nair,Corporate,United States,New York City,Virginia,South,Office Supplies,Storage,Desk Organizer,1025.04,3,0.15,117.15
US-2024-00717,2024-07-05,2024-07-09,Aditya Joshi,Home Office,United States,New York City,Illinois,Central,Office Supplies,Paper,Premium Paper,821.18,8,0.05,43.12
US-2024-00718,2024-09-05,2024-09-08,Aarav Sharma,Corporate,United States,Chicago,Texas,Central,Office Supplies,Art,Whiteboard Markers,1303.23,4,0.2,237.13
US-2023-00719,2023-08-04,2023-08-10,Rahul Verma,Consumer,United States,Atlanta,New York,East,Furniture,Furnishings,Office Mat,1400.16,7,0.3,88.52
US-2024-00720,2024-02-06,2024-02-09,Ananya Rao,Home Office,United States,Atlanta,Virginia,South,Office Supplies,Art,Drawing Paper,693.75,2,0.05,59.15
US-2024-00721,2024-02-08,2024-02-09,Kavya Reddy,Home Office,United States,Denver,Ohio,East,Technology,Phones,Conference Phone,1508.68,5,0.0,269.33
US-2023-00722,2023-10-26,2023-10-28,Rahul Verma,Corporate,United States,Boston,Pennsylvania,East,Technology,Accessories,Keyboard,2844.39,6,0.15,-8.63
US-2024-00723,2024-11-26,2024-11-28,Meera Kapoor,Corporate,United States,Chicago,California,West,Office Supplies,Art,Sketch Pens,83.34,1,0.15,10.71
US-2024-00724,2024-10-04,2024-10-10,Rahul Verma,Home Office,United States,Portland,Georgia,South,Furniture,Chairs,Ergonomic Office Chair,2251.88,7,0.2,209.6
US-2024-00725,2024-01-20,2024-01-26,Priya Nair,Corporate,United States,Phoenix,Arizona,West,Technology,Copiers,Laser Copier,1950.57,8,0.0,132.62
US-2024-00726,2024-11-15,2024-11-20,Aditya Joshi,Home Office,United States,Boston,New York,East,Technology,Copiers,Laser Copier,1035.94,2,0.0,136.9
US-2023-00727,2023-11-02,2023-11-07,Rohan Das,Home Office,United States,Atlanta,New York,East,Office Supplies,Binders,Presentation Binder,804.67,3,0.2,-36.42
US-2024-00728,2024-05-15,2024-05-16,Priya Nair,Consumer,United States,Chicago,Washington,West,Technology,Phones,Smartphone,34.25,3,0.1,6.41
US-2024-00729,2024-08-11,2024-08-13,Rohan Das,Consumer,United States,Boston,New York,East,Technology,Machines,Laptop,1274.23,2,0.15,56.27
US-2024-00730,2024-11-04,2024-11-05,Sneha Iyer,Home Office,United States,Atlanta,Ohio,East,Furniture,Bookcases,Office Bookcase,1135.44,3,0.2,28.5
US-2024-00731,2024-06-06,2024-06-08,Rahul Verma,Home Office,United States,Atlanta,California,West,Furniture,Chairs,Ergonomic Office Chair,601.24,3,0.3,-26.06
US-2023-00732,2023-08-10,2023-08-15,Arjun Mehta,Corporate,United States,Los Angeles,Minnesota,Central,Furniture,Furnishings,Desk Lamp,876.76,5,0.2,146.31
US-2023-00733,2023-09-18,2023-09-24,Neha Patel,Corporate,United States,Dallas,Georgia,South,Technology,Accessories,Keyboard,3235.1,5,0.2,339.48
US-2024-00734,2024-11-04,2024-11-10,Vikram Singh,Consumer,United States,Atlanta,Massachusetts,East,Furniture,Bookcases,Office Bookcase,172.44,7,0.15,5.5
US-2023-00735,2023-04-23,2023-04-29,Ananya Rao,Corporate,United States,New York City,Florida,South,Office Supplies,Binders,Ring Binder,3045.13,6,0.0,756.79
US-2023-00736,2023-04-11,2023-04-15,Rohan Das,Corporate,United States,Portland,Massachusetts,East,Furniture,Chairs,Ergonomic Office Chair,1930.13,5,0.3,43.44
US-2024-00737,2024-08-08,2024-08-11,Rohan Das,Home Office,United States,Dallas,Texas,Central,Furniture,Tables,Meeting Table,867.94,7,0.3,71.96
US-2024-00738,2024-02-17,2024-02-21,Aarav Sharma,Home Office,United States,Phoenix,Ohio,East,Furniture,Tables,Computer Table,298.78,3,0.15,44.52
US-2024-00739,2024-01-15,2024-01-21,Vikram Singh,Corporate,United States,Boston,Massachusetts,East,Technology,Copiers,Color Copier,5129.36,8,0.3,89.66
US-2024-00740,2024-06-17,2024-06-23,Priya Nair,Consumer,United States,Portland,Ohio,East,Technology,Phones,Business Phone,3518.98,7,0.3,-258.17
US-2023-00741,2023-09-03,2023-09-04,Neha Patel,Consumer,United States,Denver,New York,East,Furniture,Bookcases,Office Bookcase,625.71,1,0.1,98.54
US-2024-00742,2024-05-24,2024-05-29,Sneha Iyer,Consumer,United States,Portland,Arizona,West,Furniture,Tables,Computer Table,466.49,1,0.2,36.5
US-2024-00743,2024-11-08,2024-11-13,Aarav Sharma,Corporate,United States,Denver,Arizona,West,Furniture,Tables,Office Table,487.29,2,0.0,79.57
US-2024-00744,2024-01-24,2024-01-26,Ananya Rao,Consumer,United States,Portland,Texas,Central,Office Supplies,Paper,Printer Paper,388.44,2,0.1,25.42
US-2024-00745,2024-10-08,2024-10-13,Sneha Iyer,Corporate,United States,Miami,Georgia,South,Office Supplies,Binders,Ring Binder,359.3,8,0.0,67.45
US-2023-00746,2023-04-20,2023-04-21,Rohan Das,Consumer,United States,Boston,Illinois,Central,Office Supplies,Storage,File Cabinet,569.15,2,0.0,34.34
US-2023-00747,2023-05-07,2023-05-11,Rahul Verma,Home Office,United States,Seattle,Washington,West,Technology,Machines,Laptop,2094.56,8,0.05,219.88
US-2023-00748,2023-04-22,2023-04-26,Priya Nair,Consumer,United States,Seattle,Georgia,South,Furniture,Bookcases,Office Bookcase,238.63,1,0.3,17.95
US-2023-00749,2023-02-11,2023-02-13,Vikram Singh,Consumer,United States,Boston,Virginia,South,Technology,Machines,Laptop,1307.11,3,0.1,294.53
US-2024-00750,2024-05-15,2024-05-20,Rahul Verma,Consumer,United States,Miami,Georgia,South,Office Supplies,Art,Whiteboard Markers,646.59,7,0.0,148.88
US-2024-00751,2024-05-27,2024-05-28,Priya Nair,Corporate,United States,Houston,New York,East,Technology,Machines,Printer,286.84,1,0.05,24.45
US-2024-00752,2024-09-24,2024-09-26,Neha Patel,Consumer,United States,Portland,Pennsylvania,East,Office Supplies,Binders,Ring Binder,1743.14,4,0.1,74.29
US-2024-00753,2024-05-29,2024-06-03,Ananya Rao,Consumer,United States,Boston,Pennsylvania,East,Technology,Accessories,Mouse,185.87,2,0.0,19.65
US-2023-00754,2023-01-19,2023-01-24,Arjun Mehta,Corporate,United States,New York City,New York,East,Furniture,Furnishings,Wall Clock,2287.51,5,0.0,213.26
US-2024-00755,2024-06-06,2024-06-10,Sneha Iyer,Consumer,United States,Chicago,Oregon,West,Furniture,Bookcases,Office Bookcase,3067.03,5,0.2,154.39
US-2023-00756,2023-02-11,2023-02-12,Vikram Singh,Corporate,United States,Miami,Oregon,West,Furniture,Bookcases,Office Bookcase,2956.23,5,0.0,423.98
US-2023-00757,2023-12-09,2023-12-12,Neha Patel,Home Office,United States,Atlanta,California,West,Technology,Phones,Conference Phone,661.91,3,0.2,95.59
US-2024-00758,2024-09-11,2024-09-14,Aarav Sharma,Home Office,United States,Phoenix,Ohio,East,Furniture,Furnishings,Desk Lamp,183.54,2,0.2,17.33
US-2023-00759,2023-07-15,2023-07-17,Rahul Verma,Consumer,United States,Chicago,Florida,South,Furniture,Bookcases,Office Bookcase,5146.81,8,0.0,864.94
US-2023-00760,2023-07-16,2023-07-20,Rohan Das,Home Office,United States,New York City,Minnesota,Central,Office Supplies,Art,Whiteboard Markers,1185.53,2,0.0,184.8
US-2023-00761,2023-06-20,2023-06-25,Arjun Mehta,Corporate,United States,Phoenix,Illinois,Central,Office Supplies,Binders,Presentation Binder,518.0,1,0.2,-2.26
US-2024-00762,2024-06-29,2024-07-04,Aarav Sharma,Consumer,United States,Dallas,Washington,West,Office Supplies,Art,Whiteboard Markers,1857.42,7,0.05,124.75
US-2023-00763,2023-08-12,2023-08-17,Rahul Verma,Consumer,United States,New York City,Arizona,West,Technology,Machines,Printer,793.06,4,0.05,118.97
US-2024-00764,2024-06-30,2024-07-02,Ananya Rao,Consumer,United States,Atlanta,Texas,Central,Technology,Accessories,USB Hub,544.86,3,0.3,-45.02
US-2023-00765,2023-04-29,2023-04-30,Vikram Singh,Corporate,United States,New York City,Minnesota,Central,Office Supplies,Binders,Presentation Binder,2357.88,5,0.1,496.57
US-2024-00766,2024-10-02,2024-10-03,Meera Kapoor,Consumer,United States,Portland,Illinois,Central,Technology,Machines,Laptop,3158.85,5,0.15,411.46
US-2024-00767,2024-12-05,2024-12-09,Arjun Mehta,Consumer,United States,Denver,Illinois,Central,Office Supplies,Paper,Premium Paper,694.58,5,0.2,99.92
US-2023-00768,2023-08-26,2023-09-01,Rahul Verma,Consumer,United States,Dallas,North Carolina,South,Furniture,Furnishings,Desk Lamp,996.25,8,0.0,234.86
US-2024-00769,2024-05-17,2024-05-23,Priya Nair,Consumer,United States,Los Angeles,Ohio,East,Furniture,Bookcases,Wood Bookcase,1598.5,3,0.2,153.26
US-2024-00770,2024-03-12,2024-03-14,Priya Nair,Consumer,United States,Phoenix,Virginia,South,Furniture,Tables,Computer Table,395.31,1,0.1,34.45
US-2023-00771,2023-02-14,2023-02-16,Priya Nair,Home Office,United States,Portland,New York,East,Office Supplies,Paper,Printer Paper,516.72,1,0.0,139.43
US-2023-00772,2023-12-13,2023-12-19,Rahul Verma,Consumer,United States,New York City,Washington,West,Furniture,Furnishings,Office Mat,4252.23,8,0.05,412.98
US-2024-00773,2024-07-10,2024-07-16,Aarav Sharma,Consumer,United States,New York City,Texas,Central,Furniture,Chairs,Ergonomic Office Chair,369.24,5,0.3,1.72
US-2023-00774,2023-08-21,2023-08-25,Priya Nair,Corporate,United States,Chicago,Georgia,South,Office Supplies,Storage,File Cabinet,3142.33,7,0.2,463.39
US-2023-00775,2023-04-23,2023-04-25,Meera Kapoor,Consumer,United States,Chicago,Oregon,West,Office Supplies,Binders,Presentation Binder,503.89,6,0.0,128.46
US-2024-00776,2024-03-14,2024-03-19,Priya Nair,Corporate,United States,Denver,Illinois,Central,Technology,Copiers,Color Copier,2045.47,5,0.05,206.82
US-2024-00777,2024-11-08,2024-11-11,Kavya Reddy,Consumer,United States,Los Angeles,Texas,Central,Furniture,Tables,Computer Table,640.81,3,0.1,65.5
US-2024-00778,2024-08-14,2024-08-18,Arjun Mehta,Corporate,United States,Portland,Illinois,Central,Furniture,Bookcases,Wood Bookcase,1502.27,3,0.05,141.42
US-2024-00779,2024-02-28,2024-03-04,Rohan Das,Home Office,United States,Houston,Illinois,Central,Technology,Accessories,Headset,2524.73,7,0.15,254.0
US-2024-00780,2024-01-29,2024-01-30,Rohan Das,Corporate,United States,Chicago,Georgia,South,Technology,Phones,Smartphone,59.04,6,0.3,-5.37
US-2023-00781,2023-04-23,2023-04-24,Arjun Mehta,Consumer,United States,Houston,Minnesota,Central,Furniture,Bookcases,Office Bookcase,1632.7,3,0.15,335.91
US-2023-00782,2023-08-18,2023-08-19,Neha Patel,Consumer,United States,Phoenix,New York,East,Technology,Accessories,Headset,454.91,1,0.1,38.31
US-2024-00783,2024-08-18,2024-08-19,Arjun Mehta,Consumer,United States,Chicago,Georgia,South,Furniture,Tables,Meeting Table,176.14,3,0.0,7.57
US-2024-00784,2024-04-26,2024-05-02,Vikram Singh,Consumer,United States,Chicago,Ohio,East,Office Supplies,Art,Whiteboard Markers,1758.19,6,0.2,205.46
US-2023-00785,2023-03-03,2023-03-09,Kavya Reddy,Home Office,United States,Portland,Washington,West,Technology,Accessories,Keyboard,3798.06,7,0.2,674.45
US-2023-00786,2023-09-22,2023-09-27,Arjun Mehta,Home Office,United States,New York City,Illinois,Central,Office Supplies,Paper,Premium Paper,685.61,2,0.0,149.7
US-2023-00787,2023-08-13,2023-08-17,Rahul Verma,Consumer,United States,Miami,New York,East,Technology,Copiers,Laser Copier,2562.2,6,0.1,495.89
US-2024-00788,2024-10-24,2024-10-28,Ananya Rao,Corporate,United States,Chicago,Ohio,East,Furniture,Chairs,Ergonomic Office Chair,2371.49,6,0.3,-34.36
US-2024-00789,2024-07-08,2024-07-09,Ananya Rao,Corporate,United States,Los Angeles,Washington,West,Technology,Phones,Business Phone,1448.74,4,0.2,250.64
US-2024-00790,2024-08-06,2024-08-11,Vikram Singh,Corporate,United States,Atlanta,Arizona,West,Furniture,Chairs,Executive Chair,1227.47,2,0.0,337.96
US-2023-00791,2023-07-19,2023-07-22,Rahul Verma,Consumer,United States,Dallas,North Carolina,South,Furniture,Chairs,Executive Chair,4084.92,7,0.15,-13.31
US-2024-00792,2024-01-27,2024-01-31,Neha Patel,Consumer,United States,Houston,Oregon,West,Furniture,Tables,Computer Table,468.47,8,0.2,-12.93
US-2024-00793,2024-11-28,2024-12-04,Arjun Mehta,Consumer,United States,Portland,Pennsylvania,East,Technology,Machines,Printer,676.95,3,0.05,113.14
US-2024-00794,2024-11-30,2024-12-04,Vikram Singh,Home Office,United States,Los Angeles,Pennsylvania,East,Technology,Phones,Smartphone,564.28,8,0.0,41.89
US-2024-00795,2024-05-25,2024-05-26,Priya Nair,Consumer,United States,Portland,North Carolina,South,Furniture,Bookcases,Wood Bookcase,375.67,2,0.05,38.43
US-2024-00796,2024-04-16,2024-04-19,Arjun Mehta,Home Office,United States,Phoenix,North Carolina,South,Office Supplies,Paper,Copy Paper,267.35,8,0.3,-7.01
US-2023-00797,2023-05-13,2023-05-17,Aditya Joshi,Consumer,United States,Dallas,Minnesota,Central,Office Supplies,Binders,Presentation Binder,2329.71,7,0.05,531.36
US-2024-00798,2024-10-21,2024-10-22,Ananya Rao,Corporate,United States,Denver,New York,East,Furniture,Chairs,Executive Chair,766.98,7,0.1,153.33
US-2024-00799,2024-11-16,2024-11-17,Arjun Mehta,Corporate,United States,Houston,Colorado,Central,Office Supplies,Art,Sketch Pens,247.47,2,0.0,64.39
US-2024-00800,2024-02-16,2024-02-19,Rahul Verma,Corporate,United States,Chicago,Oregon,West,Office Supplies,Art,Sketch Pens,651.18,8,0.1,2.73
US-2024-00801,2024-10-17,2024-10-19,Ananya Rao,Consumer,United States,Phoenix,Texas,Central,Technology,Copiers,Color Copier,3089.38,6,0.1,142.79
US-2024-00802,2024-03-09,2024-03-12,Kavya Reddy,Corporate,United States,Atlanta,Illinois,Central,Furniture,Tables,Office Table,1340.27,5,0.05,304.52
US-2023-00803,2023-08-08,2023-08-14,Sneha Iyer,Corporate,United States,Denver,Illinois,Central,Furniture,Chairs,Executive Chair,3758.88,6,0.05,214.21
US-2024-00804,2024-05-01,2024-05-06,Rahul Verma,Corporate,United States,Phoenix,Massachusetts,East,Office Supplies,Art,Sketch Pens,231.81,4,0.2,20.59
US-2023-00805,2023-11-21,2023-11-22,Rohan Das,Home Office,United States,New York City,Massachusetts,East,Furniture,Furnishings,Wall Clock,1032.95,2,0.2,49.1
US-2024-00806,2024-04-06,2024-04-08,Meera Kapoor,Corporate,United States,Houston,Florida,South,Furniture,Tables,Computer Table,1111.01,4,0.15,175.93
US-2023-00807,2023-12-23,2023-12-25,Priya Nair,Home Office,United States,Denver,New York,East,Office Supplies,Storage,File Cabinet,2918.26,5,0.15,493.4
US-2024-00808,2024-10-26,2024-10-30,Rahul Verma,Corporate,United States,Boston,Virginia,South,Office Supplies,Storage,Desk Organizer,2407.13,7,0.3,-34.67
US-2024-00809,2024-01-18,2024-01-20,Priya Nair,Consumer,United States,Los Angeles,Massachusetts,East,Office Supplies,Storage,Desk Organizer,2905.68,7,0.2,287.34
US-2023-00810,2023-04-02,2023-04-08,Aarav Sharma,Home Office,United States,Seattle,Arizona,West,Furniture,Furnishings,Office Mat,829.45,2,0.15,92.9
US-2024-00811,2024-03-06,2024-03-08,Kavya Reddy,Corporate,United States,Phoenix,Massachusetts,East,Technology,Copiers,Color Copier,2231.09,4,0.0,276.98
US-2024-00812,2024-12-21,2024-12-27,Arjun Mehta,Home Office,United States,Houston,Florida,South,Office Supplies,Paper,Printer Paper,899.03,5,0.2,12.12
US-2023-00813,2023-01-05,2023-01-09,Ananya Rao,Home Office,United States,Boston,California,West,Furniture,Tables,Meeting Table,1338.77,6,0.15,282.18
US-2023-00814,2023-07-17,2023-07-22,Sneha Iyer,Home Office,United States,Chicago,Florida,South,Technology,Copiers,Color Copier,4448.24,7,0.0,608.29
US-2024-00815,2024-03-23,2024-03-25,Rohan Das,Consumer,United States,Miami,Washington,West,Technology,Phones,Conference Phone,3844.58,7,0.2,653.58
US-2023-00816,2023-07-28,2023-07-29,Priya Nair,Home Office,United States,Boston,California,West,Office Supplies,Binders,Presentation Binder,77.58,3,0.2,6.24
US-2023-00817,2023-01-26,2023-02-01,Rohan Das,Consumer,United States,Portland,Massachusetts,East,Technology,Machines,Laptop,1707.68,4,0.0,190.0
US-2024-00818,2024-01-23,2024-01-26,Priya Nair,Corporate,United States,Dallas,Oregon,West,Furniture,Tables,Computer Table,417.84,1,0.15,75.45
US-2023-00819,2023-05-06,2023-05-07,Ananya Rao,Corporate,United States,Los Angeles,Ohio,East,Office Supplies,Paper,Copy Paper,650.61,2,0.05,153.9
US-2024-00820,2024-05-17,2024-05-18,Kavya Reddy,Consumer,United States,Chicago,Florida,South,Office Supplies,Binders,Premium Binder,1742.39,7,0.05,295.43
US-2023-00821,2023-11-02,2023-11-03,Rahul Verma,Home Office,United States,Portland,New York,East,Furniture,Bookcases,Office Bookcase,5173.89,8,0.15,536.3
US-2023-00822,2023-09-18,2023-09-19,Ananya Rao,Consumer,United States,Miami,New York,East,Technology,Phones,Conference Phone,440.61,3,0.05,19.85
US-2023-00823,2023-05-22,2023-05-24,Aditya Joshi,Corporate,United States,Denver,Washington,West,Office Supplies,Storage,Storage Box,2479.89,4,0.05,464.83
US-2024-00824,2024-05-22,2024-05-26,Meera Kapoor,Corporate,United States,Chicago,Georgia,South,Office Supplies,Paper,Copy Paper,3127.61,5,0.0,563.21
US-2023-00825,2023-07-30,2023-08-05,Arjun Mehta,Corporate,United States,Houston,Virginia,South,Office Supplies,Art,Whiteboard Markers,2659.01,5,0.15,-4.48
US-2024-00826,2024-08-03,2024-08-06,Aditya Joshi,Home Office,United States,Miami,Texas,Central,Office Supplies,Paper,Copy Paper,1923.85,5,0.05,312.49
US-2024-00827,2024-02-12,2024-02-13,Sneha Iyer,Consumer,United States,Miami,Washington,West,Office Supplies,Art,Sketch Pens,992.97,6,0.0,196.28
US-2023-00828,2023-05-06,2023-05-07,Rohan Das,Consumer,United States,Boston,Texas,Central,Technology,Machines,Laptop,2978.52,8,0.05,694.59
US-2023-00829,2023-10-18,2023-10-23,Sneha Iyer,Consumer,United States,Houston,Pennsylvania,East,Furniture,Bookcases,Wood Bookcase,3121.5,7,0.1,222.46
US-2023-00830,2023-02-20,2023-02-24,Arjun Mehta,Consumer,United States,Dallas,Florida,South,Office Supplies,Art,Sketch Pens,597.38,2,0.15,30.44
US-2023-00831,2023-01-22,2023-01-25,Aarav Sharma,Corporate,United States,Phoenix,California,West,Office Supplies,Storage,File Cabinet,222.31,7,0.15,42.87
US-2023-00832,2023-01-17,2023-01-18,Sneha Iyer,Corporate,United States,Dallas,Florida,South,Office Supplies,Storage,Storage Box,2951.22,6,0.1,41.74
US-2023-00833,2023-02-18,2023-02-22,Rahul Verma,Consumer,United States,Miami,Colorado,Central,Office Supplies,Binders,Ring Binder,53.61,2,0.0,12.77
US-2024-00834,2024-12-05,2024-12-11,Neha Patel,Consumer,United States,Seattle,Georgia,South,Furniture,Chairs,Ergonomic Office Chair,3191.8,6,0.15,670.26
US-2023-00835,2023-02-14,2023-02-15,Meera Kapoor,Corporate,United States,Los Angeles,Oregon,West,Furniture,Bookcases,Office Bookcase,1268.98,7,0.0,332.43
US-2023-00836,2023-05-10,2023-05-13,Vikram Singh,Corporate,United States,Portland,Massachusetts,East,Technology,Copiers,Color Copier,1516.01,4,0.2,102.52
US-2024-00837,2024-05-09,2024-05-11,Neha Patel,Consumer,United States,Los Angeles,Oregon,West,Office Supplies,Binders,Ring Binder,1725.55,4,0.2,268.16
US-2024-00838,2024-05-21,2024-05-22,Meera Kapoor,Home Office,United States,Atlanta,New York,East,Technology,Accessories,Headset,900.5,7,0.0,109.6
US-2023-00839,2023-11-17,2023-11-20,Meera Kapoor,Home Office,United States,Houston,Georgia,South,Technology,Phones,Smartphone,2386.08,4,0.1,546.45
US-2024-00840,2024-02-14,2024-02-16,Rahul Verma,Corporate,United States,Los Angeles,Oregon,West,Office Supplies,Paper,Printer Paper,3094.3,5,0.15,396.42
US-2023-00841,2023-04-23,2023-04-25,Priya Nair,Home Office,United States,Los Angeles,Arizona,West,Furniture,Bookcases,Wood Bookcase,3463.44,8,0.1,275.24
US-2023-00842,2023-12-29,2024-01-02,Aarav Sharma,Home Office,United States,Boston,Pennsylvania,East,Office Supplies,Art,Whiteboard Markers,252.76,6,0.05,26.86
US-2024-00843,2024-03-08,2024-03-10,Priya Nair,Home Office,United States,New York City,Illinois,Central,Office Supplies,Paper,Printer Paper,1739.9,5,0.1,207.86
US-2024-00844,2024-10-23,2024-10-25,Ananya Rao,Home Office,United States,Portland,Washington,West,Furniture,Chairs,Ergonomic Office Chair,806.44,5,0.15,-2.62
US-2024-00845,2024-02-19,2024-02-23,Vikram Singh,Home Office,United States,Dallas,Florida,South,Furniture,Bookcases,Office Bookcase,471.2,4,0.0,58.16
US-2023-00846,2023-10-22,2023-10-28,Sneha Iyer,Home Office,United States,Los Angeles,California,West,Furniture,Furnishings,Office Mat,2776.73,5,0.2,20.18
US-2023-00847,2023-06-20,2023-06-22,Vikram Singh,Consumer,United States,Chicago,Colorado,Central,Furniture,Chairs,Conference Chair,2261.81,8,0.0,186.83
US-2024-00848,2024-11-26,2024-11-27,Meera Kapoor,Home Office,United States,Seattle,Colorado,Central,Technology,Phones,Business Phone,1245.56,4,0.0,294.63
US-2023-00849,2023-08-22,2023-08-27,Rohan Das,Corporate,United States,Phoenix,Pennsylvania,East,Furniture,Chairs,Executive Chair,1791.48,6,0.2,61.25
US-2024-00850,2024-05-13,2024-05-16,Meera Kapoor,Corporate,United States,Los Angeles,Colorado,Central,Furniture,Bookcases,Office Bookcase,3481.57,6,0.3,224.02
US-2023-00851,2023-10-04,2023-10-10,Neha Patel,Home Office,United States,Boston,Washington,West,Office Supplies,Paper,Printer Paper,711.96,3,0.0,70.23
US-2024-00852,2024-01-04,2024-01-06,Aditya Joshi,Corporate,United States,Miami,Washington,West,Office Supplies,Binders,Ring Binder,5134.94,8,0.15,74.4
US-2024-00853,2024-02-05,2024-02-10,Kavya Reddy,Home Office,United States,Miami,North Carolina,South,Office Supplies,Paper,Copy Paper,3261.23,6,0.0,469.72
US-2023-00854,2023-10-23,2023-10-24,Aditya Joshi,Consumer,United States,Seattle,Arizona,West,Technology,Accessories,Headset,1031.66,3,0.05,172.5
US-2024-00855,2024-05-13,2024-05-16,Kavya Reddy,Corporate,United States,New York City,Oregon,West,Furniture,Furnishings,Desk Lamp,758.79,4,0.15,1.61
US-2024-00856,2024-03-16,2024-03-19,Rohan Das,Consumer,United States,Los Angeles,California,West,Office Supplies,Paper,Premium Paper,2560.7,5,0.15,338.47
US-2023-00857,2023-10-05,2023-10-07,Aditya Joshi,Home Office,United States,Boston,Massachusetts,East,Technology,Phones,Business Phone,114.53,4,0.05,8.84
US-2024-00858,2024-03-08,2024-03-12,Rahul Verma,Home Office,United States,Houston,Oregon,West,Office Supplies,Storage,File Cabinet,3107.08,7,0.05,654.2
US-2023-00859,2023-09-14,2023-09-16,Rahul Verma,Corporate,United States,Boston,Georgia,South,Office Supplies,Storage,File Cabinet,1858.99,5,0.2,112.8
US-2023-00860,2023-04-09,2023-04-11,Kavya Reddy,Consumer,United States,Atlanta,North Carolina,South,Technology,Machines,Printer,1695.38,6,0.1,382.73
US-2023-00861,2023-01-28,2023-02-01,Vikram Singh,Consumer,United States,Boston,Washington,West,Technology,Machines,Laptop,538.26,6,0.15,101.45
US-2023-00862,2023-05-09,2023-05-13,Priya Nair,Corporate,United States,Dallas,Arizona,West,Technology,Copiers,Color Copier,86.23,2,0.3,12.22
US-2023-00863,2023-04-10,2023-04-13,Neha Patel,Corporate,United States,Chicago,North Carolina,South,Furniture,Chairs,Conference Chair,458.41,1,0.15,3.25
US-2023-00864,2023-08-17,2023-08-23,Priya Nair,Consumer,United States,New York City,Ohio,East,Technology,Machines,Desktop Computer,525.21,1,0.15,72.25
US-2023-00865,2023-06-06,2023-06-11,Aarav Sharma,Consumer,United States,Seattle,California,West,Furniture,Tables,Office Table,190.64,8,0.15,15.06
US-2024-00866,2024-02-19,2024-02-23,Rahul Verma,Home Office,United States,New York City,Pennsylvania,East,Technology,Machines,Desktop Computer,4477.44,8,0.15,9.26
US-2023-00867,2023-07-09,2023-07-11,Meera Kapoor,Corporate,United States,Miami,Pennsylvania,East,Technology,Accessories,Headset,1553.63,8,0.2,-40.39
US-2024-00868,2024-11-14,2024-11-17,Kavya Reddy,Consumer,United States,Dallas,Virginia,South,Technology,Phones,Business Phone,3711.84,7,0.0,173.39
US-2024-00869,2024-02-03,2024-02-04,Kavya Reddy,Corporate,United States,New York City,Texas,Central,Technology,Copiers,Color Copier,3756.69,6,0.1,776.82
US-2023-00870,2023-06-12,2023-06-15,Meera Kapoor,Corporate,United States,Denver,Ohio,East,Technology,Copiers,Color Copier,1287.3,3,0.05,225.18
US-2023-00871,2023-05-24,2023-05-27,Rohan Das,Home Office,United States,Atlanta,Colorado,Central,Furniture,Furnishings,Wall Clock,3175.6,8,0.0,566.05
US-2023-00872,2023-09-23,2023-09-25,Priya Nair,Home Office,United States,Los Angeles,Minnesota,Central,Technology,Copiers,Color Copier,26.95,1,0.2,-0.32
US-2024-00873,2024-05-26,2024-06-01,Arjun Mehta,Consumer,United States,New York City,North Carolina,South,Furniture,Tables,Office Table,1426.44,3,0.1,251.62
US-2024-00874,2024-09-18,2024-09-21,Rahul Verma,Corporate,United States,Los Angeles,California,West,Technology,Phones,Business Phone,2384.37,6,0.3,-209.66
US-2024-00875,2024-12-16,2024-12-20,Ananya Rao,Home Office,United States,Chicago,Georgia,South,Technology,Accessories,Mouse,1616.44,5,0.2,30.17
US-2024-00876,2024-03-20,2024-03-25,Aarav Sharma,Corporate,United States,Boston,New York,East,Technology,Phones,Conference Phone,277.34,2,0.3,-16.99
US-2024-00877,2024-08-04,2024-08-09,Sneha Iyer,Home Office,United States,Atlanta,Oregon,West,Furniture,Furnishings,Desk Lamp,1496.71,4,0.1,172.43
US-2023-00878,2023-05-22,2023-05-23,Priya Nair,Corporate,United States,Houston,Virginia,South,Technology,Copiers,Color Copier,179.32,2,0.15,7.9
US-2023-00879,2023-02-22,2023-02-27,Rahul Verma,Corporate,United States,Los Angeles,Texas,Central,Furniture,Bookcases,Office Bookcase,3216.51,7,0.0,802.15
US-2024-00880,2024-07-01,2024-07-06,Aarav Sharma,Corporate,United States,Boston,Ohio,East,Office Supplies,Binders,Presentation Binder,764.28,2,0.05,133.2
US-2023-00881,2023-09-25,2023-09-27,Aarav Sharma,Consumer,United States,Denver,Texas,Central,Furniture,Tables,Computer Table,3607.92,6,0.2,609.58
US-2023-00882,2023-03-16,2023-03-21,Vikram Singh,Home Office,United States,New York City,Oregon,West,Furniture,Furnishings,Office Mat,1155.57,2,0.1,256.75
US-2023-00883,2023-04-17,2023-04-18,Ananya Rao,Consumer,United States,New York City,Georgia,South,Technology,Machines,Printer,1622.36,8,0.3,187.14
US-2023-00884,2023-01-27,2023-01-29,Neha Patel,Corporate,United States,Atlanta,Florida,South,Technology,Copiers,Color Copier,3496.97,7,0.2,-69.74
US-2023-00885,2023-05-22,2023-05-23,Priya Nair,Home Office,United States,New York City,Florida,South,Technology,Machines,Printer,913.15,4,0.0,88.72
US-2023-00886,2023-08-21,2023-08-25,Aarav Sharma,Corporate,United States,Miami,California,West,Technology,Accessories,Keyboard,88.74,2,0.1,3.4
US-2024-00887,2024-09-08,2024-09-14,Rohan Das,Consumer,United States,Denver,Ohio,East,Furniture,Furnishings,Wall Clock,859.06,2,0.0,85.95
US-2024-00888,2024-12-23,2024-12-29,Vikram Singh,Corporate,United States,Portland,Illinois,Central,Office Supplies,Storage,Storage Box,2829.4,5,0.0,470.93
US-2024-00889,2024-07-08,2024-07-13,Rohan Das,Consumer,United States,Seattle,California,West,Office Supplies,Art,Whiteboard Markers,1500.97,8,0.0,388.59
US-2024-00890,2024-07-20,2024-07-22,Priya Nair,Consumer,United States,Denver,Oregon,West,Technology,Accessories,Keyboard,1825.34,4,0.2,243.51
US-2023-00891,2023-02-04,2023-02-07,Arjun Mehta,Corporate,United States,Denver,Colorado,Central,Office Supplies,Binders,Premium Binder,2783.18,5,0.1,316.96
US-2023-00892,2023-02-15,2023-02-17,Sneha Iyer,Consumer,United States,Dallas,Massachusetts,East,Furniture,Furnishings,Office Mat,431.98,1,0.0,73.42
US-2023-00893,2023-12-11,2023-12-14,Neha Patel,Home Office,United States,Seattle,New York,East,Office Supplies,Art,Drawing Paper,526.35,1,0.15,34.55
US-2024-00894,2024-07-01,2024-07-05,Aditya Joshi,Corporate,United States,Los Angeles,North Carolina,South,Furniture,Furnishings,Wall Clock,370.65,4,0.0,39.8
US-2023-00895,2023-09-13,2023-09-18,Aditya Joshi,Home Office,United States,New York City,Minnesota,Central,Technology,Copiers,Color Copier,1201.04,5,0.2,12.16
US-2023-00896,2023-05-08,2023-05-11,Sneha Iyer,Corporate,United States,Phoenix,Minnesota,Central,Furniture,Furnishings,Wall Clock,290.42,1,0.1,1.13
US-2024-00897,2024-07-23,2024-07-25,Vikram Singh,Corporate,United States,Denver,Florida,South,Technology,Phones,Business Phone,3720.09,6,0.1,141.93
US-2023-00898,2023-05-11,2023-05-13,Kavya Reddy,Home Office,United States,Miami,Pennsylvania,East,Technology,Phones,Smartphone,856.51,2,0.0,174.96
US-2023-00899,2023-02-12,2023-02-17,Rohan Das,Home Office,United States,New York City,New York,East,Technology,Machines,Printer,443.52,1,0.3,48.28
US-2024-00900,2024-09-06,2024-09-08,Aditya Joshi,Corporate,United States,Los Angeles,Texas,Central,Furniture,Furnishings,Desk Lamp,320.28,2,0.05,49.45
US-2024-00901,2024-10-19,2024-10-23,Vikram Singh,Home Office,United States,New York City,Illinois,Central,Furniture,Bookcases,Office Bookcase,3804.08,6,0.2,151.9
US-2023-00902,2023-06-14,2023-06-17,Neha Patel,Home Office,United States,Dallas,Oregon,West,Furniture,Chairs,Ergonomic Office Chair,2107.03,4,0.15,304.01
US-2024-00903,2024-12-30,2025-01-02,Priya Nair,Consumer,United States,Dallas,Massachusetts,East,Technology,Phones,Conference Phone,757.98,3,0.2,-23.63
US-2024-00904,2024-05-30,2024-06-04,Vikram Singh,Consumer,United States,Dallas,Florida,South,Technology,Phones,Conference Phone,3449.64,8,0.15,270.26
US-2023-00905,2023-10-28,2023-10-30,Kavya Reddy,Home Office,United States,Boston,Illinois,Central,Office Supplies,Paper,Premium Paper,2930.02,6,0.0,604.57
US-2024-00906,2024-01-06,2024-01-07,Rahul Verma,Home Office,United States,Houston,Texas,Central,Office Supplies,Art,Whiteboard Markers,1184.95,4,0.1,59.42
US-2024-00907,2024-02-22,2024-02-28,Rahul Verma,Home Office,United States,Denver,Ohio,East,Office Supplies,Storage,Storage Box,120.65,2,0.1,14.02
US-2024-00908,2024-10-09,2024-10-11,Kavya Reddy,Home Office,United States,Los Angeles,Massachusetts,East,Furniture,Tables,Office Table,1239.61,7,0.15,177.55
US-2023-00909,2023-05-10,2023-05-11,Arjun Mehta,Corporate,United States,Chicago,Florida,South,Technology,Accessories,Keyboard,1015.69,3,0.15,196.0
US-2024-00910,2024-02-16,2024-02-22,Sneha Iyer,Corporate,United States,Boston,Ohio,East,Furniture,Bookcases,Office Bookcase,1292.47,2,0.0,74.58
US-2024-00911,2024-10-07,2024-10-11,Rohan Das,Consumer,United States,Chicago,North Carolina,South,Office Supplies,Paper,Printer Paper,1417.86,3,0.15,272.83
US-2023-00912,2023-01-08,2023-01-13,Priya Nair,Consumer,United States,Seattle,Colorado,Central,Office Supplies,Storage,Storage Box,1003.69,3,0.15,39.68
US-2024-00913,2024-05-20,2024-05-23,Neha Patel,Home Office,United States,Houston,Arizona,West,Office Supplies,Storage,Storage Box,2965.12,6,0.0,148.45
US-2024-00914,2024-03-16,2024-03-21,Ananya Rao,Consumer,United States,Seattle,Minnesota,Central,Furniture,Bookcases,Office Bookcase,252.33,3,0.05,33.89
US-2023-00915,2023-09-23,2023-09-28,Rahul Verma,Consumer,United States,Dallas,Washington,West,Technology,Machines,Laptop,281.59,2,0.3,7.63
US-2023-00916,2023-02-10,2023-02-15,Kavya Reddy,Home Office,United States,Chicago,New York,East,Office Supplies,Binders,Ring Binder,755.76,4,0.15,56.58
US-2024-00917,2024-04-09,2024-04-12,Neha Patel,Home Office,United States,Los Angeles,California,West,Office Supplies,Art,Drawing Paper,318.83,5,0.0,88.74
US-2023-00918,2023-12-29,2023-12-30,Aditya Joshi,Consumer,United States,Portland,New York,East,Office Supplies,Paper,Printer Paper,1111.57,6,0.2,140.64
US-2024-00919,2024-12-05,2024-12-08,Rahul Verma,Home Office,United States,Boston,Arizona,West,Furniture,Bookcases,Wood Bookcase,617.38,1,0.2,-29.69
US-2023-00920,2023-08-14,2023-08-20,Aditya Joshi,Consumer,United States,Atlanta,Ohio,East,Office Supplies,Paper,Premium Paper,1436.84,3,0.05,70.59
US-2023-00921,2023-08-08,2023-08-09,Arjun Mehta,Home Office,United States,Dallas,Florida,South,Office Supplies,Paper,Printer Paper,98.75,3,0.2,1.3
US-2023-00922,2023-08-29,2023-09-04,Aditya Joshi,Corporate,United States,Dallas,Colorado,Central,Technology,Accessories,USB Hub,2279.1,4,0.2,151.37
US-2024-00923,2024-01-01,2024-01-06,Aditya Joshi,Corporate,United States,Los Angeles,North Carolina,South,Furniture,Tables,Office Table,1386.9,5,0.1,101.38
US-2023-00924,2023-06-30,2023-07-04,Kavya Reddy,Home Office,United States,Boston,Texas,Central,Office Supplies,Art,Whiteboard Markers,1514.11,3,0.1,297.72
US-2024-00925,2024-12-04,2024-12-06,Sneha Iyer,Corporate,United States,Boston,Oregon,West,Office Supplies,Paper,Premium Paper,368.97,1,0.05,29.62
US-2024-00926,2024-03-28,2024-04-01,Kavya Reddy,Corporate,United States,Houston,North Carolina,South,Furniture,Bookcases,Office Bookcase,904.71,4,0.3,-76.04
US-2024-00927,2024-08-09,2024-08-11,Priya Nair,Home Office,United States,Miami,New York,East,Technology,Machines,Laptop,618.08,1,0.0,143.75
US-2023-00928,2023-12-28,2024-01-02,Neha Patel,Consumer,United States,Seattle,California,West,Technology,Accessories,USB Hub,2562.04,4,0.3,86.0
US-2023-00929,2023-06-15,2023-06-18,Priya Nair,Home Office,United States,Boston,Colorado,Central,Furniture,Tables,Office Table,550.8,1,0.3,71.98
US-2024-00930,2024-05-11,2024-05-12,Arjun Mehta,Home Office,United States,Boston,Ohio,East,Office Supplies,Binders,Premium Binder,118.74,4,0.2,-2.41
US-2023-00931,2023-05-15,2023-05-21,Meera Kapoor,Consumer,United States,Los Angeles,Texas,Central,Furniture,Chairs,Conference Chair,146.57,7,0.2,21.88
US-2024-00932,2024-08-25,2024-08-29,Vikram Singh,Home Office,United States,Dallas,Ohio,East,Office Supplies,Art,Whiteboard Markers,201.98,1,0.1,8.81
US-2024-00933,2024-04-27,2024-05-01,Ananya Rao,Corporate,United States,New York City,Colorado,Central,Furniture,Tables,Meeting Table,1591.55,5,0.2,124.09
US-2024-00934,2024-05-23,2024-05-29,Ananya Rao,Corporate,United States,Miami,North Carolina,South,Technology,Phones,Business Phone,1515.99,4,0.0,205.21
US-2024-00935,2024-05-03,2024-05-08,Kavya Reddy,Home Office,United States,Houston,Oregon,West,Office Supplies,Paper,Printer Paper,138.48,2,0.0,12.44
US-2023-00936,2023-03-27,2023-03-29,Rahul Verma,Consumer,United States,Miami,Virginia,South,Technology,Accessories,Keyboard,1358.39,8,0.05,265.19
US-2024-00937,2024-12-06,2024-12-11,Ananya Rao,Corporate,United States,Denver,Florida,South,Office Supplies,Paper,Printer Paper,2866.14,8,0.05,710.16
US-2024-00938,2024-12-26,2024-12-30,Priya Nair,Consumer,United States,Houston,California,West,Office Supplies,Binders,Ring Binder,1481.76,3,0.0,244.17
US-2024-00939,2024-03-24,2024-03-25,Arjun Mehta,Consumer,United States,Seattle,Arizona,West,Office Supplies,Paper,Printer Paper,782.35,8,0.3,28.4
US-2023-00940,2023-05-01,2023-05-05,Rohan Das,Home Office,United States,Houston,Minnesota,Central,Technology,Machines,Desktop Computer,2219.8,6,0.0,164.19
US-2024-00941,2024-09-20,2024-09-26,Rahul Verma,Consumer,United States,Atlanta,Minnesota,Central,Office Supplies,Art,Sketch Pens,3619.11,6,0.2,684.32
US-2024-00942,2024-04-30,2024-05-01,Ananya Rao,Consumer,United States,Portland,Colorado,Central,Furniture,Tables,Meeting Table,1291.41,2,0.0,148.31
US-2023-00943,2023-04-07,2023-04-12,Rohan Das,Consumer,United States,Miami,North Carolina,South,Furniture,Chairs,Conference Chair,3117.12,8,0.0,386.86
US-2024-00944,2024-10-05,2024-10-06,Vikram Singh,Home Office,United States,Atlanta,Ohio,East,Office Supplies,Art,Whiteboard Markers,1218.95,5,0.3,2.18
US-2024-00945,2024-10-18,2024-10-24,Rahul Verma,Home Office,United States,Dallas,New York,East,Technology,Accessories,Keyboard,751.0,4,0.05,114.74
US-2024-00946,2024-10-22,2024-10-26,Priya Nair,Home Office,United States,Chicago,Minnesota,Central,Technology,Copiers,Color Copier,29.14,3,0.0,8.08
US-2023-00947,2023-05-27,2023-05-29,Kavya Reddy,Corporate,United States,Seattle,Florida,South,Office Supplies,Binders,Premium Binder,1009.54,3,0.1,98.02
US-2024-00948,2024-05-27,2024-05-28,Rohan Das,Consumer,United States,Dallas,Massachusetts,East,Office Supplies,Art,Whiteboard Markers,1887.24,8,0.3,57.14
US-2023-00949,2023-08-08,2023-08-10,Aditya Joshi,Corporate,United States,Chicago,Illinois,Central,Office Supplies,Art,Drawing Paper,2240.03,5,0.15,422.12
US-2023-00950,2023-01-26,2023-01-29,Aarav Sharma,Consumer,United States,Denver,North Carolina,South,Technology,Copiers,Color Copier,1014.15,4,0.0,267.7
US-2024-00951,2024-01-05,2024-01-10,Aarav Sharma,Home Office,United States,Seattle,New York,East,Technology,Machines,Printer,1185.78,2,0.05,163.84
US-2023-00952,2023-02-04,2023-02-10,Aarav Sharma,Home Office,United States,Denver,Colorado,Central,Office Supplies,Binders,Presentation Binder,920.1,5,0.0,251.26
US-2024-00953,2024-09-14,2024-09-20,Neha Patel,Consumer,United States,Portland,Virginia,South,Furniture,Furnishings,Office Mat,65.04,2,0.0,12.17
US-2023-00954,2023-07-01,2023-07-03,Ananya Rao,Home Office,United States,Dallas,Arizona,West,Furniture,Chairs,Executive Chair,209.74,1,0.3,7.46
US-2023-00955,2023-01-18,2023-01-21,Aditya Joshi,Home Office,United States,New York City,Illinois,Central,Technology,Machines,Desktop Computer,611.83,1,0.1,58.08
US-2023-00956,2023-03-08,2023-03-10,Arjun Mehta,Consumer,United States,Phoenix,Ohio,East,Furniture,Tables,Meeting Table,184.89,1,0.0,37.96
US-2023-00957,2023-01-04,2023-01-07,Priya Nair,Consumer,United States,Portland,Minnesota,Central,Furniture,Bookcases,Office Bookcase,742.99,2,0.1,12.01
US-2023-00958,2023-03-30,2023-04-01,Vikram Singh,Home Office,United States,Phoenix,Texas,Central,Furniture,Chairs,Ergonomic Office Chair,1821.26,6,0.2,321.23
US-2023-00959,2023-07-15,2023-07-21,Arjun Mehta,Consumer,United States,Houston,Ohio,East,Furniture,Furnishings,Office Mat,611.39,5,0.0,107.37
US-2023-00960,2023-10-07,2023-10-09,Aditya Joshi,Home Office,United States,Denver,Ohio,East,Office Supplies,Art,Drawing Paper,645.01,2,0.15,38.55
US-2024-00961,2024-10-08,2024-10-14,Aditya Joshi,Corporate,United States,Houston,New York,East,Technology,Copiers,Color Copier,2583.96,4,0.1,202.22
US-2023-00962,2023-12-17,2023-12-23,Rohan Das,Home Office,United States,Phoenix,Texas,Central,Technology,Accessories,USB Hub,1233.02,4,0.0,322.14
US-2023-00963,2023-07-10,2023-07-14,Priya Nair,Home Office,United States,Miami,Massachusetts,East,Technology,Machines,Printer,3014.42,7,0.0,353.8
US-2023-00964,2023-01-09,2023-01-11,Kavya Reddy,Home Office,United States,Chicago,Virginia,South,Office Supplies,Storage,Desk Organizer,256.25,2,0.05,23.32
US-2023-00965,2023-01-23,2023-01-27,Kavya Reddy,Home Office,United States,Boston,Virginia,South,Technology,Copiers,Laser Copier,680.61,4,0.05,110.07
US-2023-00966,2023-11-04,2023-11-05,Vikram Singh,Home Office,United States,Portland,New York,East,Office Supplies,Art,Drawing Paper,2721.28,7,0.0,443.38
US-2024-00967,2024-06-20,2024-06-22,Sneha Iyer,Corporate,United States,Boston,Pennsylvania,East,Technology,Machines,Laptop,413.11,2,0.3,-25.22
US-2023-00968,2023-06-19,2023-06-23,Arjun Mehta,Consumer,United States,Portland,Washington,West,Furniture,Tables,Meeting Table,298.0,5,0.0,73.27
US-2023-00969,2023-09-08,2023-09-10,Ananya Rao,Corporate,United States,Phoenix,Texas,Central,Office Supplies,Paper,Premium Paper,620.51,2,0.2,27.66
US-2024-00970,2024-01-21,2024-01-25,Aditya Joshi,Home Office,United States,Boston,New York,East,Office Supplies,Paper,Premium Paper,794.18,3,0.05,185.06
US-2024-00971,2024-09-03,2024-09-07,Rohan Das,Consumer,United States,Dallas,Oregon,West,Office Supplies,Binders,Premium Binder,1502.87,3,0.05,156.97
US-2024-00972,2024-09-05,2024-09-09,Arjun Mehta,Home Office,United States,Chicago,Washington,West,Furniture,Furnishings,Desk Lamp,143.61,1,0.1,2.48
US-2024-00973,2024-03-11,2024-03-13,Arjun Mehta,Home Office,United States,Atlanta,Minnesota,Central,Office Supplies,Art,Sketch Pens,3116.83,5,0.1,118.7
US-2023-00974,2023-04-19,2023-04-23,Rahul Verma,Home Office,United States,Atlanta,Oregon,West,Technology,Phones,Conference Phone,3667.15,7,0.0,288.28
US-2024-00975,2024-01-29,2024-02-04,Priya Nair,Home Office,United States,Denver,Florida,South,Office Supplies,Art,Drawing Paper,202.5,1,0.05,39.61
US-2024-00976,2024-05-29,2024-06-01,Aditya Joshi,Consumer,United States,Chicago,North Carolina,South,Technology,Machines,Laptop,1912.89,3,0.15,296.13
US-2023-00977,2023-01-08,2023-01-11,Kavya Reddy,Corporate,United States,Miami,Illinois,Central,Technology,Copiers,Laser Copier,306.38,1,0.0,21.19
US-2023-00978,2023-02-21,2023-02-26,Rahul Verma,Corporate,United States,Miami,Minnesota,Central,Office Supplies,Storage,Desk Organizer,2501.54,5,0.0,425.91
US-2024-00979,2024-03-03,2024-03-04,Arjun Mehta,Consumer,United States,Chicago,North Carolina,South,Office Supplies,Binders,Presentation Binder,474.7,2,0.0,79.51
US-2023-00980,2023-03-28,2023-04-02,Neha Patel,Home Office,United States,Houston,Washington,West,Technology,Accessories,Headset,4067.87,7,0.05,1020.0
US-2024-00981,2024-06-20,2024-06-25,Priya Nair,Corporate,United States,Atlanta,Florida,South,Furniture,Bookcases,Office Bookcase,102.21,1,0.2,10.54
US-2023-00982,2023-03-22,2023-03-25,Arjun Mehta,Consumer,United States,Houston,Colorado,Central,Office Supplies,Binders,Premium Binder,2356.32,5,0.2,381.49
US-2024-00983,2024-08-07,2024-08-10,Neha Patel,Consumer,United States,Seattle,Illinois,Central,Technology,Phones,Business Phone,1169.31,8,0.1,71.27
US-2024-00984,2024-05-28,2024-06-03,Aditya Joshi,Consumer,United States,Seattle,Arizona,West,Furniture,Bookcases,Office Bookcase,269.41,1,0.0,61.34
US-2023-00985,2023-10-01,2023-10-05,Neha Patel,Home Office,United States,Denver,Texas,Central,Furniture,Tables,Office Table,899.51,6,0.15,37.4
US-2024-00986,2024-08-25,2024-08-29,Kavya Reddy,Home Office,United States,Denver,Colorado,Central,Office Supplies,Binders,Ring Binder,1279.26,6,0.3,14.91
US-2023-00987,2023-08-04,2023-08-09,Priya Nair,Consumer,United States,Portland,Massachusetts,East,Office Supplies,Art,Sketch Pens,826.7,2,0.15,172.69
US-2024-00988,2024-06-26,2024-06-29,Meera Kapoor,Corporate,United States,Dallas,Minnesota,Central,Office Supplies,Art,Whiteboard Markers,215.84,8,0.15,24.37
US-2024-00989,2024-03-17,2024-03-21,Priya Nair,Consumer,United States,Boston,Oregon,West,Technology,Copiers,Color Copier,4195.77,7,0.0,548.9
US-2023-00990,2023-08-12,2023-08-14,Arjun Mehta,Home Office,United States,Seattle,Oregon,West,Furniture,Tables,Computer Table,2528.02,7,0.05,500.06
US-2023-00991,2023-11-24,2023-11-27,Kavya Reddy,Consumer,United States,Chicago,Oregon,West,Technology,Copiers,Color Copier,2279.78,7,0.1,145.24
US-2024-00992,2024-02-14,2024-02-17,Arjun Mehta,Corporate,United States,Houston,Oregon,West,Office Supplies,Paper,Printer Paper,508.23,2,0.2,25.59
US-2024-00993,2024-10-13,2024-10-14,Rahul Verma,Home Office,United States,Phoenix,Pennsylvania,East,Technology,Phones,Conference Phone,4305.03,7,0.05,705.4
US-2024-00994,2024-04-28,2024-05-04,Neha Patel,Consumer,United States,Chicago,Oregon,West,Furniture,Furnishings,Office Mat,2215.59,4,0.0,332.04
US-2024-00995,2024-04-28,2024-05-04,Aditya Joshi,Home Office,United States,Denver,Ohio,East,Furniture,Bookcases,Wood Bookcase,140.9,1,0.1,14.82
US-2023-00996,2023-09-05,2023-09-07,Aarav Sharma,Home Office,United States,Phoenix,Florida,South,Technology,Machines,Laptop,1218.96,4,0.0,50.77
US-2024-00997,2024-02-21,2024-02-26,Rohan Das,Home Office,United States,New York City,Virginia,South,Furniture,Furnishings,Wall Clock,935.08,2,0.15,119.5
US-2024-00998,2024-03-25,2024-03-29,Kavya Reddy,Corporate,United States,Los Angeles,Oregon,West,Office Supplies,Binders,Ring Binder,3276.51,7,0.15,404.73
US-2023-00999,2023-04-17,2023-04-19,Kavya Reddy,Consumer,United States,Seattle,Texas,Central,Technology,Accessories,USB Hub,3006.48,7,0.0,779.02
US-2023-01000,2023-04-10,2023-04-13,Kavya Reddy,Home Office,United States,Seattle,Arizona,West,Technology,Copiers,Color Copier,1139.24,5,0.2,64.62
